original_block_index,original_name,normalized_name,canonical_name,system,subsystem,anatomical_region,structure_type,laterality,piece_number,temporal_phase,hierarchy_path,classification_confidence,classification_rule,source_file,review_action,review_confidence,review_reason,example_source_file,example_original_block_index,first_seen_run_id,notes
,thumb,thumb,thumb,integumentary,skin,upper_limb,skin,right,,static,11_Integumentary/Skin,manual,ai_review:finger_skin,,corrected,high,Thumb body-surface label is finger skin and should not be routed to upper-limb skeleton.,/Users/aghorban/code/databases/XCAT/binraws/260612/260612_1_body.raw,7,260612,
,pinky,pinky,pinky,integumentary,skin,upper_limb,skin,right,,static,11_Integumentary/Skin,manual,ai_review:finger_skin,,corrected,high,Pinky body-surface label is finger skin and should not be routed to upper-limb skeleton.,/Users/aghorban/code/databases/XCAT/binraws/260612/260612_1_body.raw,8,260612,
,index,index,index,integumentary,skin,whole_body,organ,right,,static,11_Integumentary/Skin,medium,rule:region_surface_skin;ai_review:paired_laterality,,corrected,high,Laterality inferred as right because matching left-side label(s) index_l are present in the same source file. Body.raw digit tissue class was retained from the previous review and can be checked separately.,/Users/aghorban/code/databases/XCAT/binraws/260612/260612_1_body.raw,9,260612,
,middle,middle,middle,integumentary,skin,upper_limb,skin,right,,static,11_Integumentary/Skin,manual,ai_review:finger_skin,,corrected,high,Middle-finger body-surface label is finger skin and should not be routed to upper-limb skeleton.,/Users/aghorban/code/databases/XCAT/binraws/260612/260612_1_body.raw,10,260612,
,ring,ring,ring,integumentary,skin,upper_limb,skin,right,,static,11_Integumentary/Skin,manual,ai_review:finger_skin,,corrected,high,Ring-finger body-surface label is finger skin and should not be routed to upper-limb skeleton.,/Users/aghorban/code/databases/XCAT/binraws/260612/260612_1_body.raw,11,260612,
,teeth,teeth,teeth,digestive,oral_cavity,head_and_neck,bone,unspecified,,static,04_Digestive/Oral_Cavity,manual,ai_review:teeth_oral_cavity,,corrected,high,Teeth are oral-cavity hard tissues; current row was unclassified.,/Users/aghorban/code/databases/XCAT/binraws/260612/260612_1_bones.raw,247,260612,
,dias_cor_vein1,coronary_vein,coronary_vein,cardiovascular,coronary_circulation/coronary_veins,thorax,vein,unspecified,1,diastole,01_Cardiovascular/Coronary_Circulation/Coronary_Veins,manual,ai_review:diastolic_coronary_veins,,corrected,high,Diastolic coronary vein fragments should remain coronary veins instead of generic dynamic cardiac components.,/Users/aghorban/code/databases/XCAT/binraws/260612/260612_1_heart.raw,431,260612,
,dias_cor_vein2,coronary_vein,coronary_vein,cardiovascular,coronary_circulation/coronary_veins,thorax,vein,unspecified,2,diastole,01_Cardiovascular/Coronary_Circulation/Coronary_Veins,manual,ai_review:diastolic_coronary_veins,,corrected,high,Diastolic coronary vein fragments should remain coronary veins instead of generic dynamic cardiac components.,/Users/aghorban/code/databases/XCAT/binraws/260612/260612_1_heart.raw,432,260612,
,musc1081,skeletal_muscle,skeletal_muscle,musculoskeletal,skeletal_muscle,unspecified,muscle,unspecified,1081,static,09_Musculoskeletal/Skeletal_Muscle,manual,ai_review:numeric_muscle_from_muscle_file,,corrected,high,musc#### shorthand in muscle.raw should remain skeletal muscle; prior report routed many to skeleton by numeric/pattern collision.,/Users/aghorban/code/databases/XCAT/binraws/260612/260612_1_muscle.raw,437,260612,
,musc1804,skeletal_muscle,skeletal_muscle,musculoskeletal,skeletal_muscle,unspecified,muscle,unspecified,1804,static,09_Musculoskeletal/Skeletal_Muscle,manual,ai_review:numeric_muscle_from_muscle_file,,corrected,high,musc#### shorthand in muscle.raw should remain skeletal muscle; prior report routed many to skeleton by numeric/pattern collision.,/Users/aghorban/code/databases/XCAT/binraws/260612/260612_1_muscle.raw,438,260612,
,musc1805,skeletal_muscle,skeletal_muscle,musculoskeletal,skeletal_muscle,unspecified,muscle,unspecified,1805,static,09_Musculoskeletal/Skeletal_Muscle,manual,ai_review:numeric_muscle_from_muscle_file,,corrected,high,musc#### shorthand in muscle.raw should remain skeletal muscle; prior report routed many to skeleton by numeric/pattern collision.,/Users/aghorban/code/databases/XCAT/binraws/260612/260612_1_muscle.raw,439,260612,
,musc1808,skeletal_muscle,skeletal_muscle,musculoskeletal,skeletal_muscle,unspecified,muscle,unspecified,1808,static,09_Musculoskeletal/Skeletal_Muscle,manual,ai_review:numeric_muscle_from_muscle_file,,corrected,high,musc#### shorthand in muscle.raw should remain skeletal muscle; prior report routed many to skeleton by numeric/pattern collision.,/Users/aghorban/code/databases/XCAT/binraws/260612/260612_1_muscle.raw,440,260612,
,musc411,skeletal_muscle,skeletal_muscle,musculoskeletal,skeletal_muscle,unspecified,muscle,unspecified,411,static,09_Musculoskeletal/Skeletal_Muscle,manual,ai_review:numeric_muscle_from_muscle_file,,corrected,high,musc#### shorthand in muscle.raw should remain skeletal muscle; prior report routed many to skeleton by numeric/pattern collision.,/Users/aghorban/code/databases/XCAT/binraws/260612/260612_1_muscle.raw,441,260612,
,musc412,skeletal_muscle,skeletal_muscle,musculoskeletal,skeletal_muscle,unspecified,muscle,unspecified,412,static,09_Musculoskeletal/Skeletal_Muscle,manual,ai_review:numeric_muscle_from_muscle_file,,corrected,high,musc#### shorthand in muscle.raw should remain skeletal muscle; prior report routed many to skeleton by numeric/pattern collision.,/Users/aghorban/code/databases/XCAT/binraws/260612/260612_1_muscle.raw,442,260612,
,musc413,skeletal_muscle,skeletal_muscle,musculoskeletal,skeletal_muscle,unspecified,muscle,unspecified,413,static,09_Musculoskeletal/Skeletal_Muscle,manual,ai_review:numeric_muscle_from_muscle_file,,corrected,high,musc#### shorthand in muscle.raw should remain skeletal muscle; prior report routed many to skeleton by numeric/pattern collision.,/Users/aghorban/code/databases/XCAT/binraws/260612/260612_1_muscle.raw,443,260612,
,musc414,skeletal_muscle,skeletal_muscle,musculoskeletal,skeletal_muscle,unspecified,muscle,unspecified,414,static,09_Musculoskeletal/Skeletal_Muscle,manual,ai_review:numeric_muscle_from_muscle_file,,corrected,high,musc#### shorthand in muscle.raw should remain skeletal muscle; prior report routed many to skeleton by numeric/pattern collision.,/Users/aghorban/code/databases/XCAT/binraws/260612/260612_1_muscle.raw,444,260612,
,musc415,skeletal_muscle,skeletal_muscle,musculoskeletal,skeletal_muscle,unspecified,muscle,unspecified,415,static,09_Musculoskeletal/Skeletal_Muscle,manual,ai_review:numeric_muscle_from_muscle_file,,corrected,high,musc#### shorthand in muscle.raw should remain skeletal muscle; prior report routed many to skeleton by numeric/pattern collision.,/Users/aghorban/code/databases/XCAT/binraws/260612/260612_1_muscle.raw,445,260612,
,musc416,skeletal_muscle,skeletal_muscle,musculoskeletal,skeletal_muscle,unspecified,muscle,unspecified,416,static,09_Musculoskeletal/Skeletal_Muscle,manual,ai_review:numeric_muscle_from_muscle_file,,corrected,high,musc#### shorthand in muscle.raw should remain skeletal muscle; prior report routed many to skeleton by numeric/pattern collision.,/Users/aghorban/code/databases/XCAT/binraws/260612/260612_1_muscle.raw,446,260612,
,musc417,skeletal_muscle,skeletal_muscle,musculoskeletal,skeletal_muscle,unspecified,muscle,unspecified,417,static,09_Musculoskeletal/Skeletal_Muscle,manual,ai_review:numeric_muscle_from_muscle_file,,corrected,high,musc#### shorthand in muscle.raw should remain skeletal muscle; prior report routed many to skeleton by numeric/pattern collision.,/Users/aghorban/code/databases/XCAT/binraws/260612/260612_1_muscle.raw,447,260612,
,musc418,skeletal_muscle,skeletal_muscle,musculoskeletal,skeletal_muscle,unspecified,muscle,unspecified,418,static,09_Musculoskeletal/Skeletal_Muscle,manual,ai_review:numeric_muscle_from_muscle_file,,corrected,high,musc#### shorthand in muscle.raw should remain skeletal muscle; prior report routed many to skeleton by numeric/pattern collision.,/Users/aghorban/code/databases/XCAT/binraws/260612/260612_1_muscle.raw,448,260612,
,musc421,skeletal_muscle,skeletal_muscle,musculoskeletal,skeletal_muscle,unspecified,muscle,unspecified,421,static,09_Musculoskeletal/Skeletal_Muscle,manual,ai_review:numeric_muscle_from_muscle_file,,corrected,high,musc#### shorthand in muscle.raw should remain skeletal muscle; prior report routed many to skeleton by numeric/pattern collision.,/Users/aghorban/code/databases/XCAT/binraws/260612/260612_1_muscle.raw,449,260612,
,musc422,skeletal_muscle,skeletal_muscle,musculoskeletal,skeletal_muscle,unspecified,muscle,unspecified,422,static,09_Musculoskeletal/Skeletal_Muscle,manual,ai_review:numeric_muscle_from_muscle_file,,corrected,high,musc#### shorthand in muscle.raw should remain skeletal muscle; prior report routed many to skeleton by numeric/pattern collision.,/Users/aghorban/code/databases/XCAT/binraws/260612/260612_1_muscle.raw,450,260612,
,musc423,skeletal_muscle,skeletal_muscle,musculoskeletal,skeletal_muscle,unspecified,muscle,unspecified,423,static,09_Musculoskeletal/Skeletal_Muscle,manual,ai_review:numeric_muscle_from_muscle_file,,corrected,high,musc#### shorthand in muscle.raw should remain skeletal muscle; prior report routed many to skeleton by numeric/pattern collision.,/Users/aghorban/code/databases/XCAT/binraws/260612/260612_1_muscle.raw,451,260612,
,musc424,skeletal_muscle,skeletal_muscle,musculoskeletal,skeletal_muscle,unspecified,muscle,unspecified,424,static,09_Musculoskeletal/Skeletal_Muscle,manual,ai_review:numeric_muscle_from_muscle_file,,corrected,high,musc#### shorthand in muscle.raw should remain skeletal muscle; prior report routed many to skeleton by numeric/pattern collision.,/Users/aghorban/code/databases/XCAT/binraws/260612/260612_1_muscle.raw,452,260612,
,musc668,skeletal_muscle,skeletal_muscle,musculoskeletal,skeletal_muscle,unspecified,muscle,unspecified,668,static,09_Musculoskeletal/Skeletal_Muscle,manual,ai_review:numeric_muscle_from_muscle_file,,corrected,high,musc#### shorthand in muscle.raw should remain skeletal muscle; prior report routed many to skeleton by numeric/pattern collision.,/Users/aghorban/code/databases/XCAT/binraws/260612/260612_1_muscle.raw,453,260612,
,musc671,skeletal_muscle,skeletal_muscle,musculoskeletal,skeletal_muscle,unspecified,muscle,unspecified,671,static,09_Musculoskeletal/Skeletal_Muscle,manual,ai_review:numeric_muscle_from_muscle_file,,corrected,high,musc#### shorthand in muscle.raw should remain skeletal muscle; prior report routed many to skeleton by numeric/pattern collision.,/Users/aghorban/code/databases/XCAT/binraws/260612/260612_1_muscle.raw,454,260612,
,musc695,skeletal_muscle,skeletal_muscle,musculoskeletal,skeletal_muscle,unspecified,muscle,unspecified,695,static,09_Musculoskeletal/Skeletal_Muscle,manual,ai_review:numeric_muscle_from_muscle_file,,corrected,high,musc#### shorthand in muscle.raw should remain skeletal muscle; prior report routed many to skeleton by numeric/pattern collision.,/Users/aghorban/code/databases/XCAT/binraws/260612/260612_1_muscle.raw,455,260612,
,musc701,skeletal_muscle,skeletal_muscle,musculoskeletal,skeletal_muscle,unspecified,muscle,unspecified,701,static,09_Musculoskeletal/Skeletal_Muscle,manual,ai_review:numeric_muscle_from_muscle_file,,corrected,high,musc#### shorthand in muscle.raw should remain skeletal muscle; prior report routed many to skeleton by numeric/pattern collision.,/Users/aghorban/code/databases/XCAT/binraws/260612/260612_1_muscle.raw,456,260612,
,musc708,skeletal_muscle,skeletal_muscle,musculoskeletal,skeletal_muscle,unspecified,muscle,unspecified,708,static,09_Musculoskeletal/Skeletal_Muscle,manual,ai_review:numeric_muscle_from_muscle_file,,corrected,high,musc#### shorthand in muscle.raw should remain skeletal muscle; prior report routed many to skeleton by numeric/pattern collision.,/Users/aghorban/code/databases/XCAT/binraws/260612/260612_1_muscle.raw,457,260612,
,musc1072,skeletal_muscle,skeletal_muscle,musculoskeletal,skeletal_muscle,unspecified,muscle,unspecified,1072,static,09_Musculoskeletal/Skeletal_Muscle,manual,ai_review:numeric_muscle_from_muscle_file,,corrected,high,musc#### shorthand in muscle.raw should remain skeletal muscle; prior report routed many to skeleton by numeric/pattern collision.,/Users/aghorban/code/databases/XCAT/binraws/260612/260612_1_muscle.raw,458,260612,
,musc1076,skeletal_muscle,skeletal_muscle,musculoskeletal,skeletal_muscle,unspecified,muscle,unspecified,1076,static,09_Musculoskeletal/Skeletal_Muscle,manual,ai_review:numeric_muscle_from_muscle_file,,corrected,high,musc#### shorthand in muscle.raw should remain skeletal muscle; prior report routed many to skeleton by numeric/pattern collision.,/Users/aghorban/code/databases/XCAT/binraws/260612/260612_1_muscle.raw,459,260612,
,musc1078,skeletal_muscle,skeletal_muscle,musculoskeletal,skeletal_muscle,unspecified,muscle,unspecified,1078,static,09_Musculoskeletal/Skeletal_Muscle,manual,ai_review:numeric_muscle_from_muscle_file,,corrected,high,musc#### shorthand in muscle.raw should remain skeletal muscle; prior report routed many to skeleton by numeric/pattern collision.,/Users/aghorban/code/databases/XCAT/binraws/260612/260612_1_muscle.raw,460,260612,
,musc1079,skeletal_muscle,skeletal_muscle,musculoskeletal,skeletal_muscle,unspecified,muscle,unspecified,1079,static,09_Musculoskeletal/Skeletal_Muscle,manual,ai_review:numeric_muscle_from_muscle_file,,corrected,high,musc#### shorthand in muscle.raw should remain skeletal muscle; prior report routed many to skeleton by numeric/pattern collision.,/Users/aghorban/code/databases/XCAT/binraws/260612/260612_1_muscle.raw,461,260612,
,musc1085,skeletal_muscle,skeletal_muscle,musculoskeletal,skeletal_muscle,unspecified,muscle,unspecified,1085,static,09_Musculoskeletal/Skeletal_Muscle,manual,ai_review:numeric_muscle_from_muscle_file,,corrected,high,musc#### shorthand in muscle.raw should remain skeletal muscle; prior report routed many to skeleton by numeric/pattern collision.,/Users/aghorban/code/databases/XCAT/binraws/260612/260612_1_muscle.raw,462,260612,
,musc1088,skeletal_muscle,skeletal_muscle,musculoskeletal,skeletal_muscle,unspecified,muscle,unspecified,1088,static,09_Musculoskeletal/Skeletal_Muscle,manual,ai_review:numeric_muscle_from_muscle_file,,corrected,high,musc#### shorthand in muscle.raw should remain skeletal muscle; prior report routed many to skeleton by numeric/pattern collision.,/Users/aghorban/code/databases/XCAT/binraws/260612/260612_1_muscle.raw,463,260612,
,musc1090,skeletal_muscle,skeletal_muscle,musculoskeletal,skeletal_muscle,unspecified,muscle,unspecified,1090,static,09_Musculoskeletal/Skeletal_Muscle,manual,ai_review:numeric_muscle_from_muscle_file,,corrected,high,musc#### shorthand in muscle.raw should remain skeletal muscle; prior report routed many to skeleton by numeric/pattern collision.,/Users/aghorban/code/databases/XCAT/binraws/260612/260612_1_muscle.raw,464,260612,
,musc1801,skeletal_muscle,skeletal_muscle,musculoskeletal,skeletal_muscle,unspecified,muscle,unspecified,1801,static,09_Musculoskeletal/Skeletal_Muscle,manual,ai_review:numeric_muscle_from_muscle_file,,corrected,high,musc#### shorthand in muscle.raw should remain skeletal muscle; prior report routed many to skeleton by numeric/pattern collision.,/Users/aghorban/code/databases/XCAT/binraws/260612/260612_1_muscle.raw,465,260612,
,musc1806,skeletal_muscle,skeletal_muscle,musculoskeletal,skeletal_muscle,unspecified,muscle,unspecified,1806,static,09_Musculoskeletal/Skeletal_Muscle,manual,ai_review:numeric_muscle_from_muscle_file,,corrected,high,musc#### shorthand in muscle.raw should remain skeletal muscle; prior report routed many to skeleton by numeric/pattern collision.,/Users/aghorban/code/databases/XCAT/binraws/260612/260612_1_muscle.raw,467,260612,
,musc1807,skeletal_muscle,skeletal_muscle,musculoskeletal,skeletal_muscle,unspecified,muscle,unspecified,1807,static,09_Musculoskeletal/Skeletal_Muscle,manual,ai_review:numeric_muscle_from_muscle_file,,corrected,high,musc#### shorthand in muscle.raw should remain skeletal muscle; prior report routed many to skeleton by numeric/pattern collision.,/Users/aghorban/code/databases/XCAT/binraws/260612/260612_1_muscle.raw,468,260612,
,musc1809,skeletal_muscle,skeletal_muscle,musculoskeletal,skeletal_muscle,unspecified,muscle,unspecified,1809,static,09_Musculoskeletal/Skeletal_Muscle,manual,ai_review:numeric_muscle_from_muscle_file,,corrected,high,musc#### shorthand in muscle.raw should remain skeletal muscle; prior report routed many to skeleton by numeric/pattern collision.,/Users/aghorban/code/databases/XCAT/binraws/260612/260612_1_muscle.raw,469,260612,
,musc1842,skeletal_muscle,skeletal_muscle,musculoskeletal,skeletal_muscle,unspecified,muscle,unspecified,1842,static,09_Musculoskeletal/Skeletal_Muscle,manual,ai_review:numeric_muscle_from_muscle_file,,corrected,high,musc#### shorthand in muscle.raw should remain skeletal muscle; prior report routed many to skeleton by numeric/pattern collision.,/Users/aghorban/code/databases/XCAT/binraws/260612/260612_1_muscle.raw,470,260612,
,musc1843,skeletal_muscle,skeletal_muscle,musculoskeletal,skeletal_muscle,unspecified,muscle,unspecified,1843,static,09_Musculoskeletal/Skeletal_Muscle,manual,ai_review:numeric_muscle_from_muscle_file,,corrected,high,musc#### shorthand in muscle.raw should remain skeletal muscle; prior report routed many to skeleton by numeric/pattern collision.,/Users/aghorban/code/databases/XCAT/binraws/260612/260612_1_muscle.raw,471,260612,
,musc2085,skeletal_muscle,skeletal_muscle,musculoskeletal,skeletal_muscle,unspecified,muscle,unspecified,2085,static,09_Musculoskeletal/Skeletal_Muscle,manual,ai_review:numeric_muscle_from_muscle_file,,corrected,high,musc#### shorthand in muscle.raw should remain skeletal muscle; prior report routed many to skeleton by numeric/pattern collision.,/Users/aghorban/code/databases/XCAT/binraws/260612/260612_1_muscle.raw,472,260612,
,musc2086,skeletal_muscle,skeletal_muscle,musculoskeletal,skeletal_muscle,unspecified,muscle,unspecified,2086,static,09_Musculoskeletal/Skeletal_Muscle,manual,ai_review:numeric_muscle_from_muscle_file,,corrected,high,musc#### shorthand in muscle.raw should remain skeletal muscle; prior report routed many to skeleton by numeric/pattern collision.,/Users/aghorban/code/databases/XCAT/binraws/260612/260612_1_muscle.raw,473,260612,
,musc264,skeletal_muscle,skeletal_muscle,musculoskeletal,skeletal_muscle,unspecified,muscle,unspecified,264,static,09_Musculoskeletal/Skeletal_Muscle,manual,ai_review:numeric_muscle_from_muscle_file,,corrected,high,musc#### shorthand in muscle.raw should remain skeletal muscle; prior report routed many to skeleton by numeric/pattern collision.,/Users/aghorban/code/databases/XCAT/binraws/260612/260612_1_muscle.raw,474,260612,
,musc265,skeletal_muscle,skeletal_muscle,musculoskeletal,skeletal_muscle,unspecified,muscle,unspecified,265,static,09_Musculoskeletal/Skeletal_Muscle,manual,ai_review:numeric_muscle_from_muscle_file,,corrected,high,musc#### shorthand in muscle.raw should remain skeletal muscle; prior report routed many to skeleton by numeric/pattern collision.,/Users/aghorban/code/databases/XCAT/binraws/260612/260612_1_muscle.raw,475,260612,
,musc267,skeletal_muscle,skeletal_muscle,musculoskeletal,skeletal_muscle,unspecified,muscle,unspecified,267,static,09_Musculoskeletal/Skeletal_Muscle,manual,ai_review:numeric_muscle_from_muscle_file,,corrected,high,musc#### shorthand in muscle.raw should remain skeletal muscle; prior report routed many to skeleton by numeric/pattern collision.,/Users/aghorban/code/databases/XCAT/binraws/260612/260612_1_muscle.raw,476,260612,
,musc268,skeletal_muscle,skeletal_muscle,musculoskeletal,skeletal_muscle,unspecified,muscle,unspecified,268,static,09_Musculoskeletal/Skeletal_Muscle,manual,ai_review:numeric_muscle_from_muscle_file,,corrected,high,musc#### shorthand in muscle.raw should remain skeletal muscle; prior report routed many to skeleton by numeric/pattern collision.,/Users/aghorban/code/databases/XCAT/binraws/260612/260612_1_muscle.raw,477,260612,
,musc2900,skeletal_muscle,skeletal_muscle,musculoskeletal,skeletal_muscle,unspecified,muscle,unspecified,2900,static,09_Musculoskeletal/Skeletal_Muscle,manual,ai_review:numeric_muscle_from_muscle_file,,corrected,high,musc#### shorthand in muscle.raw should remain skeletal muscle; prior report routed many to skeleton by numeric/pattern collision.,/Users/aghorban/code/databases/XCAT/binraws/260612/260612_1_muscle.raw,478,260612,
,musc2901,skeletal_muscle,skeletal_muscle,musculoskeletal,skeletal_muscle,unspecified,muscle,unspecified,2901,static,09_Musculoskeletal/Skeletal_Muscle,manual,ai_review:numeric_muscle_from_muscle_file,,corrected,high,musc#### shorthand in muscle.raw should remain skeletal muscle; prior report routed many to skeleton by numeric/pattern collision.,/Users/aghorban/code/databases/XCAT/binraws/260612/260612_1_muscle.raw,479,260612,
,musc664,skeletal_muscle,skeletal_muscle,musculoskeletal,skeletal_muscle,unspecified,muscle,unspecified,664,static,09_Musculoskeletal/Skeletal_Muscle,manual,ai_review:numeric_muscle_from_muscle_file,,corrected,high,musc#### shorthand in muscle.raw should remain skeletal muscle; prior report routed many to skeleton by numeric/pattern collision.,/Users/aghorban/code/databases/XCAT/binraws/260612/260612_1_muscle.raw,480,260612,
,musc665,skeletal_muscle,skeletal_muscle,musculoskeletal,skeletal_muscle,unspecified,muscle,unspecified,665,static,09_Musculoskeletal/Skeletal_Muscle,manual,ai_review:numeric_muscle_from_muscle_file,,corrected,high,musc#### shorthand in muscle.raw should remain skeletal muscle; prior report routed many to skeleton by numeric/pattern collision.,/Users/aghorban/code/databases/XCAT/binraws/260612/260612_1_muscle.raw,481,260612,
,musc666,skeletal_muscle,skeletal_muscle,musculoskeletal,skeletal_muscle,unspecified,muscle,unspecified,666,static,09_Musculoskeletal/Skeletal_Muscle,manual,ai_review:numeric_muscle_from_muscle_file,,corrected,high,musc#### shorthand in muscle.raw should remain skeletal muscle; prior report routed many to skeleton by numeric/pattern collision.,/Users/aghorban/code/databases/XCAT/binraws/260612/260612_1_muscle.raw,482,260612,
,musc667,skeletal_muscle,skeletal_muscle,musculoskeletal,skeletal_muscle,unspecified,muscle,unspecified,667,static,09_Musculoskeletal/Skeletal_Muscle,manual,ai_review:numeric_muscle_from_muscle_file,,corrected,high,musc#### shorthand in muscle.raw should remain skeletal muscle; prior report routed many to skeleton by numeric/pattern collision.,/Users/aghorban/code/databases/XCAT/binraws/260612/260612_1_muscle.raw,483,260612,
,musc669,skeletal_muscle,skeletal_muscle,musculoskeletal,skeletal_muscle,unspecified,muscle,unspecified,669,static,09_Musculoskeletal/Skeletal_Muscle,manual,ai_review:numeric_muscle_from_muscle_file,,corrected,high,musc#### shorthand in muscle.raw should remain skeletal muscle; prior report routed many to skeleton by numeric/pattern collision.,/Users/aghorban/code/databases/XCAT/binraws/260612/260612_1_muscle.raw,484,260612,
,musc670,skeletal_muscle,skeletal_muscle,musculoskeletal,skeletal_muscle,unspecified,muscle,unspecified,670,static,09_Musculoskeletal/Skeletal_Muscle,manual,ai_review:numeric_muscle_from_muscle_file,,corrected,high,musc#### shorthand in muscle.raw should remain skeletal muscle; prior report routed many to skeleton by numeric/pattern collision.,/Users/aghorban/code/databases/XCAT/binraws/260612/260612_1_muscle.raw,486,260612,
,musc672,skeletal_muscle,skeletal_muscle,musculoskeletal,skeletal_muscle,unspecified,muscle,unspecified,672,static,09_Musculoskeletal/Skeletal_Muscle,manual,ai_review:numeric_muscle_from_muscle_file,,corrected,high,musc#### shorthand in muscle.raw should remain skeletal muscle; prior report routed many to skeleton by numeric/pattern collision.,/Users/aghorban/code/databases/XCAT/binraws/260612/260612_1_muscle.raw,487,260612,
,musc673,skeletal_muscle,skeletal_muscle,musculoskeletal,skeletal_muscle,unspecified,muscle,unspecified,673,static,09_Musculoskeletal/Skeletal_Muscle,manual,ai_review:numeric_muscle_from_muscle_file,,corrected,high,musc#### shorthand in muscle.raw should remain skeletal muscle; prior report routed many to skeleton by numeric/pattern collision.,/Users/aghorban/code/databases/XCAT/binraws/260612/260612_1_muscle.raw,488,260612,
,musc685,skeletal_muscle,skeletal_muscle,musculoskeletal,skeletal_muscle,unspecified,muscle,unspecified,685,static,09_Musculoskeletal/Skeletal_Muscle,manual,ai_review:numeric_muscle_from_muscle_file,,corrected,high,musc#### shorthand in muscle.raw should remain skeletal muscle; prior report routed many to skeleton by numeric/pattern collision.,/Users/aghorban/code/databases/XCAT/binraws/260612/260612_1_muscle.raw,489,260612,
,musc691,skeletal_muscle,skeletal_muscle,musculoskeletal,skeletal_muscle,unspecified,muscle,unspecified,691,static,09_Musculoskeletal/Skeletal_Muscle,manual,ai_review:numeric_muscle_from_muscle_file,,corrected,high,musc#### shorthand in muscle.raw should remain skeletal muscle; prior report routed many to skeleton by numeric/pattern collision.,/Users/aghorban/code/databases/XCAT/binraws/260612/260612_1_muscle.raw,490,260612,
,musc692,skeletal_muscle,skeletal_muscle,musculoskeletal,skeletal_muscle,unspecified,muscle,unspecified,692,static,09_Musculoskeletal/Skeletal_Muscle,manual,ai_review:numeric_muscle_from_muscle_file,,corrected,high,musc#### shorthand in muscle.raw should remain skeletal muscle; prior report routed many to skeleton by numeric/pattern collision.,/Users/aghorban/code/databases/XCAT/binraws/260612/260612_1_muscle.raw,491,260612,
,musc694,skeletal_muscle,skeletal_muscle,musculoskeletal,skeletal_muscle,unspecified,muscle,unspecified,694,static,09_Musculoskeletal/Skeletal_Muscle,manual,ai_review:numeric_muscle_from_muscle_file,,corrected,high,musc#### shorthand in muscle.raw should remain skeletal muscle; prior report routed many to skeleton by numeric/pattern collision.,/Users/aghorban/code/databases/XCAT/binraws/260612/260612_1_muscle.raw,492,260612,
,musc696,skeletal_muscle,skeletal_muscle,musculoskeletal,skeletal_muscle,unspecified,muscle,unspecified,696,static,09_Musculoskeletal/Skeletal_Muscle,manual,ai_review:numeric_muscle_from_muscle_file,,corrected,high,musc#### shorthand in muscle.raw should remain skeletal muscle; prior report routed many to skeleton by numeric/pattern collision.,/Users/aghorban/code/databases/XCAT/binraws/260612/260612_1_muscle.raw,493,260612,
,musc697,skeletal_muscle,skeletal_muscle,musculoskeletal,skeletal_muscle,unspecified,muscle,unspecified,697,static,09_Musculoskeletal/Skeletal_Muscle,manual,ai_review:numeric_muscle_from_muscle_file,,corrected,high,musc#### shorthand in muscle.raw should remain skeletal muscle; prior report routed many to skeleton by numeric/pattern collision.,/Users/aghorban/code/databases/XCAT/binraws/260612/260612_1_muscle.raw,494,260612,
,musc698,skeletal_muscle,skeletal_muscle,musculoskeletal,skeletal_muscle,unspecified,muscle,unspecified,698,static,09_Musculoskeletal/Skeletal_Muscle,manual,ai_review:numeric_muscle_from_muscle_file,,corrected,high,musc#### shorthand in muscle.raw should remain skeletal muscle; prior report routed many to skeleton by numeric/pattern collision.,/Users/aghorban/code/databases/XCAT/binraws/260612/260612_1_muscle.raw,495,260612,
,musc702,skeletal_muscle,skeletal_muscle,musculoskeletal,skeletal_muscle,unspecified,muscle,unspecified,702,static,09_Musculoskeletal/Skeletal_Muscle,manual,ai_review:numeric_muscle_from_muscle_file,,corrected,high,musc#### shorthand in muscle.raw should remain skeletal muscle; prior report routed many to skeleton by numeric/pattern collision.,/Users/aghorban/code/databases/XCAT/binraws/260612/260612_1_muscle.raw,496,260612,
,musc703,skeletal_muscle,skeletal_muscle,musculoskeletal,skeletal_muscle,unspecified,muscle,unspecified,703,static,09_Musculoskeletal/Skeletal_Muscle,manual,ai_review:numeric_muscle_from_muscle_file,,corrected,high,musc#### shorthand in muscle.raw should remain skeletal muscle; prior report routed many to skeleton by numeric/pattern collision.,/Users/aghorban/code/databases/XCAT/binraws/260612/260612_1_muscle.raw,497,260612,
,musc704,skeletal_muscle,skeletal_muscle,musculoskeletal,skeletal_muscle,unspecified,muscle,unspecified,704,static,09_Musculoskeletal/Skeletal_Muscle,manual,ai_review:numeric_muscle_from_muscle_file,,corrected,high,musc#### shorthand in muscle.raw should remain skeletal muscle; prior report routed many to skeleton by numeric/pattern collision.,/Users/aghorban/code/databases/XCAT/binraws/260612/260612_1_muscle.raw,498,260612,
,musc707,skeletal_muscle,skeletal_muscle,musculoskeletal,skeletal_muscle,unspecified,muscle,unspecified,707,static,09_Musculoskeletal/Skeletal_Muscle,manual,ai_review:numeric_muscle_from_muscle_file,,corrected,high,musc#### shorthand in muscle.raw should remain skeletal muscle; prior report routed many to skeleton by numeric/pattern collision.,/Users/aghorban/code/databases/XCAT/binraws/260612/260612_1_muscle.raw,499,260612,
,musc719,skeletal_muscle,skeletal_muscle,musculoskeletal,skeletal_muscle,unspecified,muscle,unspecified,719,static,09_Musculoskeletal/Skeletal_Muscle,manual,ai_review:numeric_muscle_from_muscle_file,,corrected,high,musc#### shorthand in muscle.raw should remain skeletal muscle; prior report routed many to skeleton by numeric/pattern collision.,/Users/aghorban/code/databases/XCAT/binraws/260612/260612_1_muscle.raw,500,260612,
,musc733,skeletal_muscle,skeletal_muscle,musculoskeletal,skeletal_muscle,unspecified,muscle,unspecified,733,static,09_Musculoskeletal/Skeletal_Muscle,manual,ai_review:numeric_muscle_from_muscle_file,,corrected,high,musc#### shorthand in muscle.raw should remain skeletal muscle; prior report routed many to skeleton by numeric/pattern collision.,/Users/aghorban/code/databases/XCAT/binraws/260612/260612_1_muscle.raw,501,260612,
,musc744,skeletal_muscle,skeletal_muscle,musculoskeletal,skeletal_muscle,unspecified,muscle,unspecified,744,static,09_Musculoskeletal/Skeletal_Muscle,manual,ai_review:numeric_muscle_from_muscle_file,,corrected,high,musc#### shorthand in muscle.raw should remain skeletal muscle; prior report routed many to skeleton by numeric/pattern collision.,/Users/aghorban/code/databases/XCAT/binraws/260612/260612_1_muscle.raw,502,260612,
,musc745,skeletal_muscle,skeletal_muscle,musculoskeletal,skeletal_muscle,unspecified,muscle,unspecified,745,static,09_Musculoskeletal/Skeletal_Muscle,manual,ai_review:numeric_muscle_from_muscle_file,,corrected,high,musc#### shorthand in muscle.raw should remain skeletal muscle; prior report routed many to skeleton by numeric/pattern collision.,/Users/aghorban/code/databases/XCAT/binraws/260612/260612_1_muscle.raw,503,260612,
,musc762,skeletal_muscle,skeletal_muscle,musculoskeletal,skeletal_muscle,unspecified,muscle,unspecified,762,static,09_Musculoskeletal/Skeletal_Muscle,manual,ai_review:numeric_muscle_from_muscle_file,,corrected,high,musc#### shorthand in muscle.raw should remain skeletal muscle; prior report routed many to skeleton by numeric/pattern collision.,/Users/aghorban/code/databases/XCAT/binraws/260612/260612_1_muscle.raw,504,260612,
,musc763,skeletal_muscle,skeletal_muscle,musculoskeletal,skeletal_muscle,unspecified,muscle,unspecified,763,static,09_Musculoskeletal/Skeletal_Muscle,manual,ai_review:numeric_muscle_from_muscle_file,,corrected,high,musc#### shorthand in muscle.raw should remain skeletal muscle; prior report routed many to skeleton by numeric/pattern collision.,/Users/aghorban/code/databases/XCAT/binraws/260612/260612_1_muscle.raw,505,260612,
,musc728,skeletal_muscle,skeletal_muscle,musculoskeletal,skeletal_muscle,unspecified,muscle,unspecified,728,static,09_Musculoskeletal/Skeletal_Muscle,manual,ai_review:numeric_muscle_from_muscle_file,,corrected,high,musc#### shorthand in muscle.raw should remain skeletal muscle; prior report routed many to skeleton by numeric/pattern collision.,/Users/aghorban/code/databases/XCAT/binraws/260612/260612_1_muscle.raw,512,260612,
,musc729,skeletal_muscle,skeletal_muscle,musculoskeletal,skeletal_muscle,unspecified,muscle,unspecified,729,static,09_Musculoskeletal/Skeletal_Muscle,manual,ai_review:numeric_muscle_from_muscle_file,,corrected,high,musc#### shorthand in muscle.raw should remain skeletal muscle; prior report routed many to skeleton by numeric/pattern collision.,/Users/aghorban/code/databases/XCAT/binraws/260612/260612_1_muscle.raw,513,260612,
,musc271,skeletal_muscle,skeletal_muscle,musculoskeletal,skeletal_muscle,unspecified,muscle,unspecified,271,static,09_Musculoskeletal/Skeletal_Muscle,manual,ai_review:numeric_muscle_from_muscle_file,,corrected,high,musc#### shorthand in muscle.raw should remain skeletal muscle; prior report routed many to skeleton by numeric/pattern collision.,/Users/aghorban/code/databases/XCAT/binraws/260612/260612_1_muscle.raw,514,260612,
,musc272,skeletal_muscle,skeletal_muscle,musculoskeletal,skeletal_muscle,unspecified,muscle,unspecified,272,static,09_Musculoskeletal/Skeletal_Muscle,manual,ai_review:numeric_muscle_from_muscle_file,,corrected,high,musc#### shorthand in muscle.raw should remain skeletal muscle; prior report routed many to skeleton by numeric/pattern collision.,/Users/aghorban/code/databases/XCAT/binraws/260612/260612_1_muscle.raw,515,260612,
,musc275,skeletal_muscle,skeletal_muscle,musculoskeletal,skeletal_muscle,unspecified,muscle,unspecified,275,static,09_Musculoskeletal/Skeletal_Muscle,manual,ai_review:numeric_muscle_from_muscle_file,,corrected,high,musc#### shorthand in muscle.raw should remain skeletal muscle; prior report routed many to skeleton by numeric/pattern collision.,/Users/aghorban/code/databases/XCAT/binraws/260612/260612_1_muscle.raw,516,260612,
,musc276,skeletal_muscle,skeletal_muscle,musculoskeletal,skeletal_muscle,unspecified,muscle,unspecified,276,static,09_Musculoskeletal/Skeletal_Muscle,manual,ai_review:numeric_muscle_from_muscle_file,,corrected,high,musc#### shorthand in muscle.raw should remain skeletal muscle; prior report routed many to skeleton by numeric/pattern collision.,/Users/aghorban/code/databases/XCAT/binraws/260612/260612_1_muscle.raw,517,260612,
,musc3004,skeletal_muscle,skeletal_muscle,musculoskeletal,skeletal_muscle,unspecified,muscle,unspecified,3004,static,09_Musculoskeletal/Skeletal_Muscle,manual,ai_review:numeric_muscle_from_muscle_file,,corrected,high,musc#### shorthand in muscle.raw should remain skeletal muscle; prior report routed many to skeleton by numeric/pattern collision.,/Users/aghorban/code/databases/XCAT/binraws/260612/260612_1_muscle.raw,518,260612,
,musc724,skeletal_muscle,skeletal_muscle,musculoskeletal,skeletal_muscle,unspecified,muscle,unspecified,724,static,09_Musculoskeletal/Skeletal_Muscle,manual,ai_review:numeric_muscle_from_muscle_file,,corrected,high,musc#### shorthand in muscle.raw should remain skeletal muscle; prior report routed many to skeleton by numeric/pattern collision.,/Users/aghorban/code/databases/XCAT/binraws/260612/260612_1_muscle.raw,519,260612,
,musc725,skeletal_muscle,skeletal_muscle,musculoskeletal,skeletal_muscle,unspecified,muscle,unspecified,725,static,09_Musculoskeletal/Skeletal_Muscle,manual,ai_review:numeric_muscle_from_muscle_file,,corrected,high,musc#### shorthand in muscle.raw should remain skeletal muscle; prior report routed many to skeleton by numeric/pattern collision.,/Users/aghorban/code/databases/XCAT/binraws/260612/260612_1_muscle.raw,520,260612,
,musc726,skeletal_muscle,skeletal_muscle,musculoskeletal,skeletal_muscle,unspecified,muscle,unspecified,726,static,09_Musculoskeletal/Skeletal_Muscle,manual,ai_review:numeric_muscle_from_muscle_file,,corrected,high,musc#### shorthand in muscle.raw should remain skeletal muscle; prior report routed many to skeleton by numeric/pattern collision.,/Users/aghorban/code/databases/XCAT/binraws/260612/260612_1_muscle.raw,521,260612,
,musc727,skeletal_muscle,skeletal_muscle,musculoskeletal,skeletal_muscle,unspecified,muscle,unspecified,727,static,09_Musculoskeletal/Skeletal_Muscle,manual,ai_review:numeric_muscle_from_muscle_file,,corrected,high,musc#### shorthand in muscle.raw should remain skeletal muscle; prior report routed many to skeleton by numeric/pattern collision.,/Users/aghorban/code/databases/XCAT/binraws/260612/260612_1_muscle.raw,522,260612,
,musc277,skeletal_muscle,skeletal_muscle,musculoskeletal,skeletal_muscle,unspecified,muscle,unspecified,277,static,09_Musculoskeletal/Skeletal_Muscle,manual,ai_review:numeric_muscle_from_muscle_file,,corrected,high,musc#### shorthand in muscle.raw should remain skeletal muscle; prior report routed many to skeleton by numeric/pattern collision.,/Users/aghorban/code/databases/XCAT/binraws/260612/260612_1_muscle.raw,523,260612,
,musc278,skeletal_muscle,skeletal_muscle,musculoskeletal,skeletal_muscle,unspecified,muscle,unspecified,278,static,09_Musculoskeletal/Skeletal_Muscle,manual,ai_review:numeric_muscle_from_muscle_file,,corrected,high,musc#### shorthand in muscle.raw should remain skeletal muscle; prior report routed many to skeleton by numeric/pattern collision.,/Users/aghorban/code/databases/XCAT/binraws/260612/260612_1_muscle.raw,524,260612,
,musc3001,skeletal_muscle,skeletal_muscle,musculoskeletal,skeletal_muscle,unspecified,muscle,unspecified,3001,static,09_Musculoskeletal/Skeletal_Muscle,manual,ai_review:numeric_muscle_from_muscle_file,,corrected,high,musc#### shorthand in muscle.raw should remain skeletal muscle; prior report routed many to skeleton by numeric/pattern collision.,/Users/aghorban/code/databases/XCAT/binraws/260612/260612_1_muscle.raw,525,260612,
,musc3002,skeletal_muscle,skeletal_muscle,musculoskeletal,skeletal_muscle,unspecified,muscle,unspecified,3002,static,09_Musculoskeletal/Skeletal_Muscle,manual,ai_review:numeric_muscle_from_muscle_file,,corrected,high,musc#### shorthand in muscle.raw should remain skeletal muscle; prior report routed many to skeleton by numeric/pattern collision.,/Users/aghorban/code/databases/XCAT/binraws/260612/260612_1_muscle.raw,526,260612,
,musc3003,skeletal_muscle,skeletal_muscle,musculoskeletal,skeletal_muscle,unspecified,muscle,unspecified,3003,static,09_Musculoskeletal/Skeletal_Muscle,manual,ai_review:numeric_muscle_from_muscle_file,,corrected,high,musc#### shorthand in muscle.raw should remain skeletal muscle; prior report routed many to skeleton by numeric/pattern collision.,/Users/aghorban/code/databases/XCAT/binraws/260612/260612_1_muscle.raw,527,260612,
,musc764,skeletal_muscle,skeletal_muscle,musculoskeletal,skeletal_muscle,unspecified,muscle,unspecified,764,static,09_Musculoskeletal/Skeletal_Muscle,manual,ai_review:numeric_muscle_from_muscle_file,,corrected,high,musc#### shorthand in muscle.raw should remain skeletal muscle; prior report routed many to skeleton by numeric/pattern collision.,/Users/aghorban/code/databases/XCAT/binraws/260612/260612_1_muscle.raw,530,260612,
,musc705,skeletal_muscle,skeletal_muscle,musculoskeletal,skeletal_muscle,unspecified,muscle,unspecified,705,static,09_Musculoskeletal/Skeletal_Muscle,manual,ai_review:numeric_muscle_from_muscle_file,,corrected,high,musc#### shorthand in muscle.raw should remain skeletal muscle; prior report routed many to skeleton by numeric/pattern collision.,/Users/aghorban/code/databases/XCAT/binraws/260612/260612_1_muscle.raw,532,260612,
,musc684,skeletal_muscle,skeletal_muscle,musculoskeletal,skeletal_muscle,unspecified,muscle,unspecified,684,static,09_Musculoskeletal/Skeletal_Muscle,manual,ai_review:numeric_muscle_from_muscle_file,,corrected,high,musc#### shorthand in muscle.raw should remain skeletal muscle; prior report routed many to skeleton by numeric/pattern collision.,/Users/aghorban/code/databases/XCAT/binraws/260612/260612_1_muscle.raw,534,260612,
,musc1071,skeletal_muscle,skeletal_muscle,musculoskeletal,skeletal_muscle,unspecified,muscle,unspecified,1071,static,09_Musculoskeletal/Skeletal_Muscle,manual,ai_review:numeric_muscle_from_muscle_file,,corrected,high,musc#### shorthand in muscle.raw should remain skeletal muscle; prior report routed many to skeleton by numeric/pattern collision.,/Users/aghorban/code/databases/XCAT/binraws/260612/260612_1_muscle.raw,536,260612,
,musc1074,skeletal_muscle,skeletal_muscle,musculoskeletal,skeletal_muscle,unspecified,muscle,unspecified,1074,static,09_Musculoskeletal/Skeletal_Muscle,manual,ai_review:numeric_muscle_from_muscle_file,,corrected,high,musc#### shorthand in muscle.raw should remain skeletal muscle; prior report routed many to skeleton by numeric/pattern collision.,/Users/aghorban/code/databases/XCAT/binraws/260612/260612_1_muscle.raw,537,260612,
,tongue,tongue,tongue,digestive,oral_cavity,head_and_neck,organ,unspecified,,static,04_Digestive/Oral_Cavity,manual,ai_review:tongue_oral_cavity,,corrected,high,Tongue is a muscular oral-cavity organ; current row was unclassified.,/Users/aghorban/code/databases/XCAT/binraws/260612/260612_1_muscle.raw,538,260612,
,musc139,skeletal_muscle,skeletal_muscle,musculoskeletal,skeletal_muscle,unspecified,muscle,unspecified,139,static,09_Musculoskeletal/Skeletal_Muscle,manual,ai_review:numeric_muscle_from_muscle_file,,corrected,high,musc#### shorthand in muscle.raw should remain skeletal muscle; prior report routed many to skeleton by numeric/pattern collision.,/Users/aghorban/code/databases/XCAT/binraws/260612/260612_1_muscle.raw,540,260612,
,musc142,skeletal_muscle,skeletal_muscle,musculoskeletal,skeletal_muscle,unspecified,muscle,unspecified,142,static,09_Musculoskeletal/Skeletal_Muscle,manual,ai_review:numeric_muscle_from_muscle_file,,corrected,high,musc#### shorthand in muscle.raw should remain skeletal muscle; prior report routed many to skeleton by numeric/pattern collision.,/Users/aghorban/code/databases/XCAT/binraws/260612/260612_1_muscle.raw,541,260612,
,musc148,skeletal_muscle,skeletal_muscle,musculoskeletal,skeletal_muscle,unspecified,muscle,unspecified,148,static,09_Musculoskeletal/Skeletal_Muscle,manual,ai_review:numeric_muscle_from_muscle_file,,corrected,high,musc#### shorthand in muscle.raw should remain skeletal muscle; prior report routed many to skeleton by numeric/pattern collision.,/Users/aghorban/code/databases/XCAT/binraws/260612/260612_1_muscle.raw,542,260612,
,musc149,skeletal_muscle,skeletal_muscle,musculoskeletal,skeletal_muscle,unspecified,muscle,unspecified,149,static,09_Musculoskeletal/Skeletal_Muscle,manual,ai_review:numeric_muscle_from_muscle_file,,corrected,high,musc#### shorthand in muscle.raw should remain skeletal muscle; prior report routed many to skeleton by numeric/pattern collision.,/Users/aghorban/code/databases/XCAT/binraws/260612/260612_1_muscle.raw,543,260612,
,musc151,skeletal_muscle,skeletal_muscle,musculoskeletal,skeletal_muscle,unspecified,muscle,unspecified,151,static,09_Musculoskeletal/Skeletal_Muscle,manual,ai_review:numeric_muscle_from_muscle_file,,corrected,high,musc#### shorthand in muscle.raw should remain skeletal muscle; prior report routed many to skeleton by numeric/pattern collision.,/Users/aghorban/code/databases/XCAT/binraws/260612/260612_1_muscle.raw,544,260612,
,musc152,skeletal_muscle,skeletal_muscle,musculoskeletal,skeletal_muscle,unspecified,muscle,unspecified,152,static,09_Musculoskeletal/Skeletal_Muscle,manual,ai_review:numeric_muscle_from_muscle_file,,corrected,high,musc#### shorthand in muscle.raw should remain skeletal muscle; prior report routed many to skeleton by numeric/pattern collision.,/Users/aghorban/code/databases/XCAT/binraws/260612/260612_1_muscle.raw,545,260612,
,musc153,skeletal_muscle,skeletal_muscle,musculoskeletal,skeletal_muscle,unspecified,muscle,unspecified,153,static,09_Musculoskeletal/Skeletal_Muscle,manual,ai_review:numeric_muscle_from_muscle_file,,corrected,high,musc#### shorthand in muscle.raw should remain skeletal muscle; prior report routed many to skeleton by numeric/pattern collision.,/Users/aghorban/code/databases/XCAT/binraws/260612/260612_1_muscle.raw,546,260612,
,musc156,skeletal_muscle,skeletal_muscle,musculoskeletal,skeletal_muscle,unspecified,muscle,unspecified,156,static,09_Musculoskeletal/Skeletal_Muscle,manual,ai_review:numeric_muscle_from_muscle_file,,corrected,high,musc#### shorthand in muscle.raw should remain skeletal muscle; prior report routed many to skeleton by numeric/pattern collision.,/Users/aghorban/code/databases/XCAT/binraws/260612/260612_1_muscle.raw,547,260612,
,musc157,skeletal_muscle,skeletal_muscle,musculoskeletal,skeletal_muscle,unspecified,muscle,unspecified,157,static,09_Musculoskeletal/Skeletal_Muscle,manual,ai_review:numeric_muscle_from_muscle_file,,corrected,high,musc#### shorthand in muscle.raw should remain skeletal muscle; prior report routed many to skeleton by numeric/pattern collision.,/Users/aghorban/code/databases/XCAT/binraws/260612/260612_1_muscle.raw,548,260612,
,musc168,skeletal_muscle,skeletal_muscle,musculoskeletal,skeletal_muscle,unspecified,muscle,unspecified,168,static,09_Musculoskeletal/Skeletal_Muscle,manual,ai_review:numeric_muscle_from_muscle_file,,corrected,high,musc#### shorthand in muscle.raw should remain skeletal muscle; prior report routed many to skeleton by numeric/pattern collision.,/Users/aghorban/code/databases/XCAT/binraws/260612/260612_1_muscle.raw,549,260612,
,musc169,skeletal_muscle,skeletal_muscle,musculoskeletal,skeletal_muscle,unspecified,muscle,unspecified,169,static,09_Musculoskeletal/Skeletal_Muscle,manual,ai_review:numeric_muscle_from_muscle_file,,corrected,high,musc#### shorthand in muscle.raw should remain skeletal muscle; prior report routed many to skeleton by numeric/pattern collision.,/Users/aghorban/code/databases/XCAT/binraws/260612/260612_1_muscle.raw,550,260612,
,musc170,skeletal_muscle,skeletal_muscle,musculoskeletal,skeletal_muscle,unspecified,muscle,unspecified,170,static,09_Musculoskeletal/Skeletal_Muscle,manual,ai_review:numeric_muscle_from_muscle_file,,corrected,high,musc#### shorthand in muscle.raw should remain skeletal muscle; prior report routed many to skeleton by numeric/pattern collision.,/Users/aghorban/code/databases/XCAT/binraws/260612/260612_1_muscle.raw,551,260612,
,musc171,skeletal_muscle,skeletal_muscle,musculoskeletal,skeletal_muscle,unspecified,muscle,unspecified,171,static,09_Musculoskeletal/Skeletal_Muscle,manual,ai_review:numeric_muscle_from_muscle_file,,corrected,high,musc#### shorthand in muscle.raw should remain skeletal muscle; prior report routed many to skeleton by numeric/pattern collision.,/Users/aghorban/code/databases/XCAT/binraws/260612/260612_1_muscle.raw,552,260612,
,musc172,skeletal_muscle,skeletal_muscle,musculoskeletal,skeletal_muscle,unspecified,muscle,unspecified,172,static,09_Musculoskeletal/Skeletal_Muscle,manual,ai_review:numeric_muscle_from_muscle_file,,corrected,high,musc#### shorthand in muscle.raw should remain skeletal muscle; prior report routed many to skeleton by numeric/pattern collision.,/Users/aghorban/code/databases/XCAT/binraws/260612/260612_1_muscle.raw,553,260612,
,musc173,skeletal_muscle,skeletal_muscle,musculoskeletal,skeletal_muscle,unspecified,muscle,unspecified,173,static,09_Musculoskeletal/Skeletal_Muscle,manual,ai_review:numeric_muscle_from_muscle_file,,corrected,high,musc#### shorthand in muscle.raw should remain skeletal muscle; prior report routed many to skeleton by numeric/pattern collision.,/Users/aghorban/code/databases/XCAT/binraws/260612/260612_1_muscle.raw,554,260612,
,musc31,skeletal_muscle,skeletal_muscle,musculoskeletal,skeletal_muscle,unspecified,muscle,unspecified,31,static,09_Musculoskeletal/Skeletal_Muscle,manual,ai_review:numeric_muscle_from_muscle_file,,corrected,high,musc#### shorthand in muscle.raw should remain skeletal muscle; prior report routed many to skeleton by numeric/pattern collision.,/Users/aghorban/code/databases/XCAT/binraws/260612/260612_1_muscle.raw,555,260612,
,musc19,skeletal_muscle,skeletal_muscle,musculoskeletal,skeletal_muscle,unspecified,muscle,unspecified,19,static,09_Musculoskeletal/Skeletal_Muscle,manual,ai_review:numeric_muscle_from_muscle_file,,corrected,high,musc#### shorthand in muscle.raw should remain skeletal muscle; prior report routed many to skeleton by numeric/pattern collision.,/Users/aghorban/code/databases/XCAT/binraws/260612/260612_1_muscle.raw,556,260612,
,musc147,skeletal_muscle,skeletal_muscle,musculoskeletal,skeletal_muscle,unspecified,muscle,unspecified,147,static,09_Musculoskeletal/Skeletal_Muscle,manual,ai_review:numeric_muscle_from_muscle_file,,corrected,high,musc#### shorthand in muscle.raw should remain skeletal muscle; prior report routed many to skeleton by numeric/pattern collision.,/Users/aghorban/code/databases/XCAT/binraws/260612/260612_1_muscle.raw,557,260612,
,musc59,skeletal_muscle,skeletal_muscle,musculoskeletal,skeletal_muscle,unspecified,muscle,unspecified,59,static,09_Musculoskeletal/Skeletal_Muscle,manual,ai_review:numeric_muscle_from_muscle_file,,corrected,high,musc#### shorthand in muscle.raw should remain skeletal muscle; prior report routed many to skeleton by numeric/pattern collision.,/Users/aghorban/code/databases/XCAT/binraws/260612/260612_1_muscle.raw,558,260612,
,musc1802,skeletal_muscle,skeletal_muscle,musculoskeletal,skeletal_muscle,unspecified,muscle,unspecified,1802,static,09_Musculoskeletal/Skeletal_Muscle,manual,ai_review:numeric_muscle_from_muscle_file,,corrected,high,musc#### shorthand in muscle.raw should remain skeletal muscle; prior report routed many to skeleton by numeric/pattern collision.,/Users/aghorban/code/databases/XCAT/binraws/260612/260612_1_muscle.raw,559,260612,
,musc1803,skeletal_muscle,skeletal_muscle,musculoskeletal,skeletal_muscle,unspecified,muscle,unspecified,1803,static,09_Musculoskeletal/Skeletal_Muscle,manual,ai_review:numeric_muscle_from_muscle_file,,corrected,high,musc#### shorthand in muscle.raw should remain skeletal muscle; prior report routed many to skeleton by numeric/pattern collision.,/Users/aghorban/code/databases/XCAT/binraws/260612/260612_1_muscle.raw,560,260612,
,musc224,skeletal_muscle,skeletal_muscle,musculoskeletal,skeletal_muscle,unspecified,muscle,unspecified,224,static,09_Musculoskeletal/Skeletal_Muscle,manual,ai_review:numeric_muscle_from_muscle_file,,corrected,high,musc#### shorthand in muscle.raw should remain skeletal muscle; prior report routed many to skeleton by numeric/pattern collision.,/Users/aghorban/code/databases/XCAT/binraws/260612/260612_1_muscle.raw,561,260612,
,musc225,skeletal_muscle,skeletal_muscle,musculoskeletal,skeletal_muscle,unspecified,muscle,unspecified,225,static,09_Musculoskeletal/Skeletal_Muscle,manual,ai_review:numeric_muscle_from_muscle_file,,corrected,high,musc#### shorthand in muscle.raw should remain skeletal muscle; prior report routed many to skeleton by numeric/pattern collision.,/Users/aghorban/code/databases/XCAT/binraws/260612/260612_1_muscle.raw,562,260612,
,musc226,skeletal_muscle,skeletal_muscle,musculoskeletal,skeletal_muscle,unspecified,muscle,unspecified,226,static,09_Musculoskeletal/Skeletal_Muscle,manual,ai_review:numeric_muscle_from_muscle_file,,corrected,high,musc#### shorthand in muscle.raw should remain skeletal muscle; prior report routed many to skeleton by numeric/pattern collision.,/Users/aghorban/code/databases/XCAT/binraws/260612/260612_1_muscle.raw,563,260612,
,musc227,skeletal_muscle,skeletal_muscle,musculoskeletal,skeletal_muscle,unspecified,muscle,unspecified,227,static,09_Musculoskeletal/Skeletal_Muscle,manual,ai_review:numeric_muscle_from_muscle_file,,corrected,high,musc#### shorthand in muscle.raw should remain skeletal muscle; prior report routed many to skeleton by numeric/pattern collision.,/Users/aghorban/code/databases/XCAT/binraws/260612/260612_1_muscle.raw,564,260612,
,musc228,skeletal_muscle,skeletal_muscle,musculoskeletal,skeletal_muscle,unspecified,muscle,unspecified,228,static,09_Musculoskeletal/Skeletal_Muscle,manual,ai_review:numeric_muscle_from_muscle_file,,corrected,high,musc#### shorthand in muscle.raw should remain skeletal muscle; prior report routed many to skeleton by numeric/pattern collision.,/Users/aghorban/code/databases/XCAT/binraws/260612/260612_1_muscle.raw,565,260612,
,musc229,skeletal_muscle,skeletal_muscle,musculoskeletal,skeletal_muscle,unspecified,muscle,unspecified,229,static,09_Musculoskeletal/Skeletal_Muscle,manual,ai_review:numeric_muscle_from_muscle_file,,corrected,high,musc#### shorthand in muscle.raw should remain skeletal muscle; prior report routed many to skeleton by numeric/pattern collision.,/Users/aghorban/code/databases/XCAT/binraws/260612/260612_1_muscle.raw,566,260612,
,musc234,skeletal_muscle,skeletal_muscle,musculoskeletal,skeletal_muscle,unspecified,muscle,unspecified,234,static,09_Musculoskeletal/Skeletal_Muscle,manual,ai_review:numeric_muscle_from_muscle_file,,corrected,high,musc#### shorthand in muscle.raw should remain skeletal muscle; prior report routed many to skeleton by numeric/pattern collision.,/Users/aghorban/code/databases/XCAT/binraws/260612/260612_1_muscle.raw,567,260612,
,musc235,skeletal_muscle,skeletal_muscle,musculoskeletal,skeletal_muscle,unspecified,muscle,unspecified,235,static,09_Musculoskeletal/Skeletal_Muscle,manual,ai_review:numeric_muscle_from_muscle_file,,corrected,high,musc#### shorthand in muscle.raw should remain skeletal muscle; prior report routed many to skeleton by numeric/pattern collision.,/Users/aghorban/code/databases/XCAT/binraws/260612/260612_1_muscle.raw,568,260612,
,musc236,skeletal_muscle,skeletal_muscle,musculoskeletal,skeletal_muscle,unspecified,muscle,unspecified,236,static,09_Musculoskeletal/Skeletal_Muscle,manual,ai_review:numeric_muscle_from_muscle_file,,corrected,high,musc#### shorthand in muscle.raw should remain skeletal muscle; prior report routed many to skeleton by numeric/pattern collision.,/Users/aghorban/code/databases/XCAT/binraws/260612/260612_1_muscle.raw,569,260612,
,musc237,skeletal_muscle,skeletal_muscle,musculoskeletal,skeletal_muscle,unspecified,muscle,unspecified,237,static,09_Musculoskeletal/Skeletal_Muscle,manual,ai_review:numeric_muscle_from_muscle_file,,corrected,high,musc#### shorthand in muscle.raw should remain skeletal muscle; prior report routed many to skeleton by numeric/pattern collision.,/Users/aghorban/code/databases/XCAT/binraws/260612/260612_1_muscle.raw,570,260612,
,musc238,skeletal_muscle,skeletal_muscle,musculoskeletal,skeletal_muscle,unspecified,muscle,unspecified,238,static,09_Musculoskeletal/Skeletal_Muscle,manual,ai_review:numeric_muscle_from_muscle_file,,corrected,high,musc#### shorthand in muscle.raw should remain skeletal muscle; prior report routed many to skeleton by numeric/pattern collision.,/Users/aghorban/code/databases/XCAT/binraws/260612/260612_1_muscle.raw,571,260612,
,musc239,skeletal_muscle,skeletal_muscle,musculoskeletal,skeletal_muscle,unspecified,muscle,unspecified,239,static,09_Musculoskeletal/Skeletal_Muscle,manual,ai_review:numeric_muscle_from_muscle_file,,corrected,high,musc#### shorthand in muscle.raw should remain skeletal muscle; prior report routed many to skeleton by numeric/pattern collision.,/Users/aghorban/code/databases/XCAT/binraws/260612/260612_1_muscle.raw,572,260612,
,musc240,skeletal_muscle,skeletal_muscle,musculoskeletal,skeletal_muscle,unspecified,muscle,unspecified,240,static,09_Musculoskeletal/Skeletal_Muscle,manual,ai_review:numeric_muscle_from_muscle_file,,corrected,high,musc#### shorthand in muscle.raw should remain skeletal muscle; prior report routed many to skeleton by numeric/pattern collision.,/Users/aghorban/code/databases/XCAT/binraws/260612/260612_1_muscle.raw,573,260612,
,musc241,skeletal_muscle,skeletal_muscle,musculoskeletal,skeletal_muscle,unspecified,muscle,unspecified,241,static,09_Musculoskeletal/Skeletal_Muscle,manual,ai_review:numeric_muscle_from_muscle_file,,corrected,high,musc#### shorthand in muscle.raw should remain skeletal muscle; prior report routed many to skeleton by numeric/pattern collision.,/Users/aghorban/code/databases/XCAT/binraws/260612/260612_1_muscle.raw,574,260612,
,musc242,skeletal_muscle,skeletal_muscle,musculoskeletal,skeletal_muscle,unspecified,muscle,unspecified,242,static,09_Musculoskeletal/Skeletal_Muscle,manual,ai_review:numeric_muscle_from_muscle_file,,corrected,high,musc#### shorthand in muscle.raw should remain skeletal muscle; prior report routed many to skeleton by numeric/pattern collision.,/Users/aghorban/code/databases/XCAT/binraws/260612/260612_1_muscle.raw,575,260612,
,musc243,skeletal_muscle,skeletal_muscle,musculoskeletal,skeletal_muscle,unspecified,muscle,unspecified,243,static,09_Musculoskeletal/Skeletal_Muscle,manual,ai_review:numeric_muscle_from_muscle_file,,corrected,high,musc#### shorthand in muscle.raw should remain skeletal muscle; prior report routed many to skeleton by numeric/pattern collision.,/Users/aghorban/code/databases/XCAT/binraws/260612/260612_1_muscle.raw,576,260612,
,musc251,skeletal_muscle,skeletal_muscle,musculoskeletal,skeletal_muscle,unspecified,muscle,unspecified,251,static,09_Musculoskeletal/Skeletal_Muscle,manual,ai_review:numeric_muscle_from_muscle_file,,corrected,high,musc#### shorthand in muscle.raw should remain skeletal muscle; prior report routed many to skeleton by numeric/pattern collision.,/Users/aghorban/code/databases/XCAT/binraws/260612/260612_1_muscle.raw,577,260612,
,musc256,skeletal_muscle,skeletal_muscle,musculoskeletal,skeletal_muscle,unspecified,muscle,unspecified,256,static,09_Musculoskeletal/Skeletal_Muscle,manual,ai_review:numeric_muscle_from_muscle_file,,corrected,high,musc#### shorthand in muscle.raw should remain skeletal muscle; prior report routed many to skeleton by numeric/pattern collision.,/Users/aghorban/code/databases/XCAT/binraws/260612/260612_1_muscle.raw,578,260612,
,musc257,skeletal_muscle,skeletal_muscle,musculoskeletal,skeletal_muscle,unspecified,muscle,unspecified,257,static,09_Musculoskeletal/Skeletal_Muscle,manual,ai_review:numeric_muscle_from_muscle_file,,corrected,high,musc#### shorthand in muscle.raw should remain skeletal muscle; prior report routed many to skeleton by numeric/pattern collision.,/Users/aghorban/code/databases/XCAT/binraws/260612/260612_1_muscle.raw,579,260612,
,musc258,skeletal_muscle,skeletal_muscle,musculoskeletal,skeletal_muscle,unspecified,muscle,unspecified,258,static,09_Musculoskeletal/Skeletal_Muscle,manual,ai_review:numeric_muscle_from_muscle_file,,corrected,high,musc#### shorthand in muscle.raw should remain skeletal muscle; prior report routed many to skeleton by numeric/pattern collision.,/Users/aghorban/code/databases/XCAT/binraws/260612/260612_1_muscle.raw,580,260612,
,musc262,skeletal_muscle,skeletal_muscle,musculoskeletal,skeletal_muscle,unspecified,muscle,unspecified,262,static,09_Musculoskeletal/Skeletal_Muscle,manual,ai_review:numeric_muscle_from_muscle_file,,corrected,high,musc#### shorthand in muscle.raw should remain skeletal muscle; prior report routed many to skeleton by numeric/pattern collision.,/Users/aghorban/code/databases/XCAT/binraws/260612/260612_1_muscle.raw,581,260612,
,musc263,skeletal_muscle,skeletal_muscle,musculoskeletal,skeletal_muscle,unspecified,muscle,unspecified,263,static,09_Musculoskeletal/Skeletal_Muscle,manual,ai_review:numeric_muscle_from_muscle_file,,corrected,high,musc#### shorthand in muscle.raw should remain skeletal muscle; prior report routed many to skeleton by numeric/pattern collision.,/Users/aghorban/code/databases/XCAT/binraws/260612/260612_1_muscle.raw,582,260612,
,musc269,skeletal_muscle,skeletal_muscle,musculoskeletal,skeletal_muscle,unspecified,muscle,unspecified,269,static,09_Musculoskeletal/Skeletal_Muscle,manual,ai_review:numeric_muscle_from_muscle_file,,corrected,high,musc#### shorthand in muscle.raw should remain skeletal muscle; prior report routed many to skeleton by numeric/pattern collision.,/Users/aghorban/code/databases/XCAT/binraws/260612/260612_1_muscle.raw,583,260612,
,musc270,skeletal_muscle,skeletal_muscle,musculoskeletal,skeletal_muscle,unspecified,muscle,unspecified,270,static,09_Musculoskeletal/Skeletal_Muscle,manual,ai_review:numeric_muscle_from_muscle_file,,corrected,high,musc#### shorthand in muscle.raw should remain skeletal muscle; prior report routed many to skeleton by numeric/pattern collision.,/Users/aghorban/code/databases/XCAT/binraws/260612/260612_1_muscle.raw,584,260612,
,musc273,skeletal_muscle,skeletal_muscle,musculoskeletal,skeletal_muscle,unspecified,muscle,unspecified,273,static,09_Musculoskeletal/Skeletal_Muscle,manual,ai_review:numeric_muscle_from_muscle_file,,corrected,high,musc#### shorthand in muscle.raw should remain skeletal muscle; prior report routed many to skeleton by numeric/pattern collision.,/Users/aghorban/code/databases/XCAT/binraws/260612/260612_1_muscle.raw,585,260612,
,musc274,skeletal_muscle,skeletal_muscle,musculoskeletal,skeletal_muscle,unspecified,muscle,unspecified,274,static,09_Musculoskeletal/Skeletal_Muscle,manual,ai_review:numeric_muscle_from_muscle_file,,corrected,high,musc#### shorthand in muscle.raw should remain skeletal muscle; prior report routed many to skeleton by numeric/pattern collision.,/Users/aghorban/code/databases/XCAT/binraws/260612/260612_1_muscle.raw,586,260612,
,musc279,skeletal_muscle,skeletal_muscle,musculoskeletal,skeletal_muscle,unspecified,muscle,unspecified,279,static,09_Musculoskeletal/Skeletal_Muscle,manual,ai_review:numeric_muscle_from_muscle_file,,corrected,high,musc#### shorthand in muscle.raw should remain skeletal muscle; prior report routed many to skeleton by numeric/pattern collision.,/Users/aghorban/code/databases/XCAT/binraws/260612/260612_1_muscle.raw,587,260612,
,musc280,skeletal_muscle,skeletal_muscle,musculoskeletal,skeletal_muscle,unspecified,muscle,unspecified,280,static,09_Musculoskeletal/Skeletal_Muscle,manual,ai_review:numeric_muscle_from_muscle_file,,corrected,high,musc#### shorthand in muscle.raw should remain skeletal muscle; prior report routed many to skeleton by numeric/pattern collision.,/Users/aghorban/code/databases/XCAT/binraws/260612/260612_1_muscle.raw,588,260612,
,musc281,skeletal_muscle,skeletal_muscle,musculoskeletal,skeletal_muscle,unspecified,muscle,unspecified,281,static,09_Musculoskeletal/Skeletal_Muscle,manual,ai_review:numeric_muscle_from_muscle_file,,corrected,high,musc#### shorthand in muscle.raw should remain skeletal muscle; prior report routed many to skeleton by numeric/pattern collision.,/Users/aghorban/code/databases/XCAT/binraws/260612/260612_1_muscle.raw,589,260612,
,musc284,skeletal_muscle,skeletal_muscle,musculoskeletal,skeletal_muscle,unspecified,muscle,unspecified,284,static,09_Musculoskeletal/Skeletal_Muscle,manual,ai_review:numeric_muscle_from_muscle_file,,corrected,high,musc#### shorthand in muscle.raw should remain skeletal muscle; prior report routed many to skeleton by numeric/pattern collision.,/Users/aghorban/code/databases/XCAT/binraws/260612/260612_1_muscle.raw,590,260612,
,musc294,skeletal_muscle,skeletal_muscle,musculoskeletal,skeletal_muscle,unspecified,muscle,unspecified,294,static,09_Musculoskeletal/Skeletal_Muscle,manual,ai_review:numeric_muscle_from_muscle_file,,corrected,high,musc#### shorthand in muscle.raw should remain skeletal muscle; prior report routed many to skeleton by numeric/pattern collision.,/Users/aghorban/code/databases/XCAT/binraws/260612/260612_1_muscle.raw,591,260612,
,musc295,skeletal_muscle,skeletal_muscle,musculoskeletal,skeletal_muscle,unspecified,muscle,unspecified,295,static,09_Musculoskeletal/Skeletal_Muscle,manual,ai_review:numeric_muscle_from_muscle_file,,corrected,high,musc#### shorthand in muscle.raw should remain skeletal muscle; prior report routed many to skeleton by numeric/pattern collision.,/Users/aghorban/code/databases/XCAT/binraws/260612/260612_1_muscle.raw,592,260612,
,musc444,skeletal_muscle,skeletal_muscle,musculoskeletal,skeletal_muscle,unspecified,muscle,unspecified,444,static,09_Musculoskeletal/Skeletal_Muscle,manual,ai_review:numeric_muscle_from_muscle_file,,corrected,high,musc#### shorthand in muscle.raw should remain skeletal muscle; prior report routed many to skeleton by numeric/pattern collision.,/Users/aghorban/code/databases/XCAT/binraws/260612/260612_1_muscle.raw,593,260612,
,musc54,skeletal_muscle,skeletal_muscle,musculoskeletal,skeletal_muscle,unspecified,muscle,unspecified,54,static,09_Musculoskeletal/Skeletal_Muscle,manual,ai_review:numeric_muscle_from_muscle_file,,corrected,high,musc#### shorthand in muscle.raw should remain skeletal muscle; prior report routed many to skeleton by numeric/pattern collision.,/Users/aghorban/code/databases/XCAT/binraws/260612/260612_1_muscle.raw,594,260612,
,musc549,skeletal_muscle,skeletal_muscle,musculoskeletal,skeletal_muscle,unspecified,muscle,unspecified,549,static,09_Musculoskeletal/Skeletal_Muscle,manual,ai_review:numeric_muscle_from_muscle_file,,corrected,high,musc#### shorthand in muscle.raw should remain skeletal muscle; prior report routed many to skeleton by numeric/pattern collision.,/Users/aghorban/code/databases/XCAT/binraws/260612/260612_1_muscle.raw,595,260612,
,musc60,skeletal_muscle,skeletal_muscle,musculoskeletal,skeletal_muscle,unspecified,muscle,unspecified,60,static,09_Musculoskeletal/Skeletal_Muscle,manual,ai_review:numeric_muscle_from_muscle_file,,corrected,high,musc#### shorthand in muscle.raw should remain skeletal muscle; prior report routed many to skeleton by numeric/pattern collision.,/Users/aghorban/code/databases/XCAT/binraws/260612/260612_1_muscle.raw,596,260612,
,musc61,skeletal_muscle,skeletal_muscle,musculoskeletal,skeletal_muscle,unspecified,muscle,unspecified,61,static,09_Musculoskeletal/Skeletal_Muscle,manual,ai_review:numeric_muscle_from_muscle_file,,corrected,high,musc#### shorthand in muscle.raw should remain skeletal muscle; prior report routed many to skeleton by numeric/pattern collision.,/Users/aghorban/code/databases/XCAT/binraws/260612/260612_1_muscle.raw,597,260612,
,musc619,skeletal_muscle,skeletal_muscle,musculoskeletal,skeletal_muscle,unspecified,muscle,unspecified,619,static,09_Musculoskeletal/Skeletal_Muscle,manual,ai_review:numeric_muscle_from_muscle_file,,corrected,high,musc#### shorthand in muscle.raw should remain skeletal muscle; prior report routed many to skeleton by numeric/pattern collision.,/Users/aghorban/code/databases/XCAT/binraws/260612/260612_1_muscle.raw,598,260612,
,musc621,skeletal_muscle,skeletal_muscle,musculoskeletal,skeletal_muscle,unspecified,muscle,unspecified,621,static,09_Musculoskeletal/Skeletal_Muscle,manual,ai_review:numeric_muscle_from_muscle_file,,corrected,high,musc#### shorthand in muscle.raw should remain skeletal muscle; prior report routed many to skeleton by numeric/pattern collision.,/Users/aghorban/code/databases/XCAT/binraws/260612/260612_1_muscle.raw,599,260612,
,musc626,skeletal_muscle,skeletal_muscle,musculoskeletal,skeletal_muscle,unspecified,muscle,unspecified,626,static,09_Musculoskeletal/Skeletal_Muscle,manual,ai_review:numeric_muscle_from_muscle_file,,corrected,high,musc#### shorthand in muscle.raw should remain skeletal muscle; prior report routed many to skeleton by numeric/pattern collision.,/Users/aghorban/code/databases/XCAT/binraws/260612/260612_1_muscle.raw,601,260612,
,musc63,skeletal_muscle,skeletal_muscle,musculoskeletal,skeletal_muscle,unspecified,muscle,unspecified,63,static,09_Musculoskeletal/Skeletal_Muscle,manual,ai_review:numeric_muscle_from_muscle_file,,corrected,high,musc#### shorthand in muscle.raw should remain skeletal muscle; prior report routed many to skeleton by numeric/pattern collision.,/Users/aghorban/code/databases/XCAT/binraws/260612/260612_1_muscle.raw,602,260612,
,musc64,skeletal_muscle,skeletal_muscle,musculoskeletal,skeletal_muscle,unspecified,muscle,unspecified,64,static,09_Musculoskeletal/Skeletal_Muscle,manual,ai_review:numeric_muscle_from_muscle_file,,corrected,high,musc#### shorthand in muscle.raw should remain skeletal muscle; prior report routed many to skeleton by numeric/pattern collision.,/Users/aghorban/code/databases/XCAT/binraws/260612/260612_1_muscle.raw,603,260612,
,musc65,skeletal_muscle,skeletal_muscle,musculoskeletal,skeletal_muscle,unspecified,muscle,unspecified,65,static,09_Musculoskeletal/Skeletal_Muscle,manual,ai_review:numeric_muscle_from_muscle_file,,corrected,high,musc#### shorthand in muscle.raw should remain skeletal muscle; prior report routed many to skeleton by numeric/pattern collision.,/Users/aghorban/code/databases/XCAT/binraws/260612/260612_1_muscle.raw,604,260612,
,musc154,skeletal_muscle,skeletal_muscle,musculoskeletal,skeletal_muscle,unspecified,muscle,unspecified,154,static,09_Musculoskeletal/Skeletal_Muscle,manual,ai_review:numeric_muscle_from_muscle_file,,corrected,high,musc#### shorthand in muscle.raw should remain skeletal muscle; prior report routed many to skeleton by numeric/pattern collision.,/Users/aghorban/code/databases/XCAT/binraws/260612/260612_1_muscle.raw,615,260612,
,musc144,skeletal_muscle,skeletal_muscle,musculoskeletal,skeletal_muscle,unspecified,muscle,unspecified,144,static,09_Musculoskeletal/Skeletal_Muscle,manual,ai_review:numeric_muscle_from_muscle_file,,corrected,high,musc#### shorthand in muscle.raw should remain skeletal muscle; prior report routed many to skeleton by numeric/pattern collision.,/Users/aghorban/code/databases/XCAT/binraws/260612/260612_1_muscle.raw,616,260612,
,musc56,skeletal_muscle,skeletal_muscle,musculoskeletal,skeletal_muscle,unspecified,muscle,unspecified,56,static,09_Musculoskeletal/Skeletal_Muscle,manual,ai_review:numeric_muscle_from_muscle_file,,corrected,high,musc#### shorthand in muscle.raw should remain skeletal muscle; prior report routed many to skeleton by numeric/pattern collision.,/Users/aghorban/code/databases/XCAT/binraws/260612/260612_1_muscle.raw,617,260612,
,musc66,skeletal_muscle,skeletal_muscle,musculoskeletal,skeletal_muscle,unspecified,muscle,unspecified,66,static,09_Musculoskeletal/Skeletal_Muscle,manual,ai_review:numeric_muscle_from_muscle_file,,corrected,high,musc#### shorthand in muscle.raw should remain skeletal muscle; prior report routed many to skeleton by numeric/pattern collision.,/Users/aghorban/code/databases/XCAT/binraws/260612/260612_1_muscle.raw,618,260612,
,rib_musc,rib_muscle,rib_muscle,musculoskeletal,skeletal_muscle,thorax,muscle,unspecified,,static,09_Musculoskeletal/Skeletal_Muscle,manual,ai_review:rib_muscle_from_muscle_file,,corrected,high,"rib_musc in muscle.raw should be thoracic skeletal muscle, not thoracic cage bone.",/Users/aghorban/code/databases/XCAT/binraws/260612/260612_1_muscle.raw,619,260612,
,musc260,skeletal_muscle,skeletal_muscle,musculoskeletal,skeletal_muscle,unspecified,muscle,unspecified,260,static,09_Musculoskeletal/Skeletal_Muscle,manual,ai_review:numeric_muscle_from_muscle_file,,corrected,high,musc#### shorthand in muscle.raw should remain skeletal muscle; prior report routed many to skeleton by numeric/pattern collision.,/Users/aghorban/code/databases/XCAT/binraws/260612/260612_1_muscle.raw,641,260612,
,musc261,skeletal_muscle,skeletal_muscle,musculoskeletal,skeletal_muscle,unspecified,muscle,unspecified,261,static,09_Musculoskeletal/Skeletal_Muscle,manual,ai_review:numeric_muscle_from_muscle_file,,corrected,high,musc#### shorthand in muscle.raw should remain skeletal muscle; prior report routed many to skeleton by numeric/pattern collision.,/Users/aghorban/code/databases/XCAT/binraws/260612/260612_1_muscle.raw,642,260612,
,musc308,skeletal_muscle,skeletal_muscle,musculoskeletal,skeletal_muscle,unspecified,muscle,unspecified,308,static,09_Musculoskeletal/Skeletal_Muscle,manual,ai_review:numeric_muscle_from_muscle_file,,corrected,high,musc#### shorthand in muscle.raw should remain skeletal muscle; prior report routed many to skeleton by numeric/pattern collision.,/Users/aghorban/code/databases/XCAT/binraws/260612/260612_1_muscle.raw,643,260612,
,musc254,skeletal_muscle,skeletal_muscle,musculoskeletal,skeletal_muscle,unspecified,muscle,unspecified,254,static,09_Musculoskeletal/Skeletal_Muscle,manual,ai_review:numeric_muscle_from_muscle_file,,corrected,high,musc#### shorthand in muscle.raw should remain skeletal muscle; prior report routed many to skeleton by numeric/pattern collision.,/Users/aghorban/code/databases/XCAT/binraws/260612/260612_1_muscle.raw,644,260612,
,musc255,skeletal_muscle,skeletal_muscle,musculoskeletal,skeletal_muscle,unspecified,muscle,unspecified,255,static,09_Musculoskeletal/Skeletal_Muscle,manual,ai_review:numeric_muscle_from_muscle_file,,corrected,high,musc#### shorthand in muscle.raw should remain skeletal muscle; prior report routed many to skeleton by numeric/pattern collision.,/Users/aghorban/code/databases/XCAT/binraws/260612/260612_1_muscle.raw,645,260612,
,musc223,skeletal_muscle,skeletal_muscle,musculoskeletal,skeletal_muscle,unspecified,muscle,unspecified,223,static,09_Musculoskeletal/Skeletal_Muscle,manual,ai_review:numeric_muscle_from_muscle_file,,corrected,high,musc#### shorthand in muscle.raw should remain skeletal muscle; prior report routed many to skeleton by numeric/pattern collision.,/Users/aghorban/code/databases/XCAT/binraws/260612/260612_1_muscle.raw,646,260612,
,musc253,skeletal_muscle,skeletal_muscle,musculoskeletal,skeletal_muscle,unspecified,muscle,unspecified,253,static,09_Musculoskeletal/Skeletal_Muscle,manual,ai_review:numeric_muscle_from_muscle_file,,corrected,high,musc#### shorthand in muscle.raw should remain skeletal muscle; prior report routed many to skeleton by numeric/pattern collision.,/Users/aghorban/code/databases/XCAT/binraws/260612/260612_1_muscle.raw,647,260612,
,musc259,skeletal_muscle,skeletal_muscle,musculoskeletal,skeletal_muscle,unspecified,muscle,unspecified,259,static,09_Musculoskeletal/Skeletal_Muscle,manual,ai_review:numeric_muscle_from_muscle_file,,corrected,high,musc#### shorthand in muscle.raw should remain skeletal muscle; prior report routed many to skeleton by numeric/pattern collision.,/Users/aghorban/code/databases/XCAT/binraws/260612/260612_1_muscle.raw,648,260612,
,musc1106,skeletal_muscle,skeletal_muscle,musculoskeletal,skeletal_muscle,unspecified,muscle,unspecified,1106,static,09_Musculoskeletal/Skeletal_Muscle,manual,ai_review:numeric_muscle_from_muscle_file,,corrected,high,musc#### shorthand in muscle.raw should remain skeletal muscle; prior report routed many to skeleton by numeric/pattern collision.,/Users/aghorban/code/databases/XCAT/binraws/260612/260612_1_muscle.raw,649,260612,
,musc528,skeletal_muscle,skeletal_muscle,musculoskeletal,skeletal_muscle,unspecified,muscle,unspecified,528,static,09_Musculoskeletal/Skeletal_Muscle,manual,ai_review:numeric_muscle_from_muscle_file,,corrected,high,musc#### shorthand in muscle.raw should remain skeletal muscle; prior report routed many to skeleton by numeric/pattern collision.,/Users/aghorban/code/databases/XCAT/binraws/260612/260612_1_muscle.raw,650,260612,
,musc529,skeletal_muscle,skeletal_muscle,musculoskeletal,skeletal_muscle,unspecified,muscle,unspecified,529,static,09_Musculoskeletal/Skeletal_Muscle,manual,ai_review:numeric_muscle_from_muscle_file,,corrected,high,musc#### shorthand in muscle.raw should remain skeletal muscle; prior report routed many to skeleton by numeric/pattern collision.,/Users/aghorban/code/databases/XCAT/binraws/260612/260612_1_muscle.raw,651,260612,
,musc537,skeletal_muscle,skeletal_muscle,musculoskeletal,skeletal_muscle,unspecified,muscle,unspecified,537,static,09_Musculoskeletal/Skeletal_Muscle,manual,ai_review:numeric_muscle_from_muscle_file,,corrected,high,musc#### shorthand in muscle.raw should remain skeletal muscle; prior report routed many to skeleton by numeric/pattern collision.,/Users/aghorban/code/databases/XCAT/binraws/260612/260612_1_muscle.raw,652,260612,
,musc536,skeletal_muscle,skeletal_muscle,musculoskeletal,skeletal_muscle,unspecified,muscle,unspecified,536,static,09_Musculoskeletal/Skeletal_Muscle,manual,ai_review:numeric_muscle_from_muscle_file,,corrected,high,musc#### shorthand in muscle.raw should remain skeletal muscle; prior report routed many to skeleton by numeric/pattern collision.,/Users/aghorban/code/databases/XCAT/binraws/260612/260612_1_muscle.raw,653,260612,
,musc1487,skeletal_muscle,skeletal_muscle,musculoskeletal,skeletal_muscle,unspecified,muscle,unspecified,1487,static,09_Musculoskeletal/Skeletal_Muscle,manual,ai_review:numeric_muscle_from_muscle_file,,corrected,high,musc#### shorthand in muscle.raw should remain skeletal muscle; prior report routed many to skeleton by numeric/pattern collision.,/Users/aghorban/code/databases/XCAT/binraws/260612/260612_1_muscle.raw,654,260612,
,musc534,skeletal_muscle,skeletal_muscle,musculoskeletal,skeletal_muscle,unspecified,muscle,unspecified,534,static,09_Musculoskeletal/Skeletal_Muscle,manual,ai_review:numeric_muscle_from_muscle_file,,corrected,high,musc#### shorthand in muscle.raw should remain skeletal muscle; prior report routed many to skeleton by numeric/pattern collision.,/Users/aghorban/code/databases/XCAT/binraws/260612/260612_1_muscle.raw,655,260612,
,musc1103,skeletal_muscle,skeletal_muscle,musculoskeletal,skeletal_muscle,unspecified,muscle,unspecified,1103,static,09_Musculoskeletal/Skeletal_Muscle,manual,ai_review:numeric_muscle_from_muscle_file,,corrected,high,musc#### shorthand in muscle.raw should remain skeletal muscle; prior report routed many to skeleton by numeric/pattern collision.,/Users/aghorban/code/databases/XCAT/binraws/260612/260612_1_muscle.raw,656,260612,
,musc527,skeletal_muscle,skeletal_muscle,musculoskeletal,skeletal_muscle,unspecified,muscle,unspecified,527,static,09_Musculoskeletal/Skeletal_Muscle,manual,ai_review:numeric_muscle_from_muscle_file,,corrected,high,musc#### shorthand in muscle.raw should remain skeletal muscle; prior report routed many to skeleton by numeric/pattern collision.,/Users/aghorban/code/databases/XCAT/binraws/260612/260612_1_muscle.raw,657,260612,
,musc526,skeletal_muscle,skeletal_muscle,musculoskeletal,skeletal_muscle,unspecified,muscle,unspecified,526,static,09_Musculoskeletal/Skeletal_Muscle,manual,ai_review:numeric_muscle_from_muscle_file,,corrected,high,musc#### shorthand in muscle.raw should remain skeletal muscle; prior report routed many to skeleton by numeric/pattern collision.,/Users/aghorban/code/databases/XCAT/binraws/260612/260612_1_muscle.raw,658,260612,
,musc535,skeletal_muscle,skeletal_muscle,musculoskeletal,skeletal_muscle,unspecified,muscle,unspecified,535,static,09_Musculoskeletal/Skeletal_Muscle,manual,ai_review:numeric_muscle_from_muscle_file,,corrected,high,musc#### shorthand in muscle.raw should remain skeletal muscle; prior report routed many to skeleton by numeric/pattern collision.,/Users/aghorban/code/databases/XCAT/binraws/260612/260612_1_muscle.raw,659,260612,
,musc525,skeletal_muscle,skeletal_muscle,musculoskeletal,skeletal_muscle,unspecified,muscle,unspecified,525,static,09_Musculoskeletal/Skeletal_Muscle,manual,ai_review:numeric_muscle_from_muscle_file,,corrected,high,musc#### shorthand in muscle.raw should remain skeletal muscle; prior report routed many to skeleton by numeric/pattern collision.,/Users/aghorban/code/databases/XCAT/binraws/260612/260612_1_muscle.raw,660,260612,
,musc522,skeletal_muscle,skeletal_muscle,musculoskeletal,skeletal_muscle,unspecified,muscle,unspecified,522,static,09_Musculoskeletal/Skeletal_Muscle,manual,ai_review:numeric_muscle_from_muscle_file,,corrected,high,musc#### shorthand in muscle.raw should remain skeletal muscle; prior report routed many to skeleton by numeric/pattern collision.,/Users/aghorban/code/databases/XCAT/binraws/260612/260612_1_muscle.raw,661,260612,
,musc521,skeletal_muscle,skeletal_muscle,musculoskeletal,skeletal_muscle,unspecified,muscle,unspecified,521,static,09_Musculoskeletal/Skeletal_Muscle,manual,ai_review:numeric_muscle_from_muscle_file,,corrected,high,musc#### shorthand in muscle.raw should remain skeletal muscle; prior report routed many to skeleton by numeric/pattern collision.,/Users/aghorban/code/databases/XCAT/binraws/260612/260612_1_muscle.raw,662,260612,
,musc400,skeletal_muscle,skeletal_muscle,musculoskeletal,skeletal_muscle,unspecified,muscle,unspecified,400,static,09_Musculoskeletal/Skeletal_Muscle,manual,ai_review:numeric_muscle_from_muscle_file,,corrected,high,musc#### shorthand in muscle.raw should remain skeletal muscle; prior report routed many to skeleton by numeric/pattern collision.,/Users/aghorban/code/databases/XCAT/binraws/260612/260612_1_muscle.raw,663,260612,
,musc406,skeletal_muscle,skeletal_muscle,musculoskeletal,skeletal_muscle,unspecified,muscle,unspecified,406,static,09_Musculoskeletal/Skeletal_Muscle,manual,ai_review:numeric_muscle_from_muscle_file,,corrected,high,musc#### shorthand in muscle.raw should remain skeletal muscle; prior report routed many to skeleton by numeric/pattern collision.,/Users/aghorban/code/databases/XCAT/binraws/260612/260612_1_muscle.raw,664,260612,
,musc407,skeletal_muscle,skeletal_muscle,musculoskeletal,skeletal_muscle,unspecified,muscle,unspecified,407,static,09_Musculoskeletal/Skeletal_Muscle,manual,ai_review:numeric_muscle_from_muscle_file,,corrected,high,musc#### shorthand in muscle.raw should remain skeletal muscle; prior report routed many to skeleton by numeric/pattern collision.,/Users/aghorban/code/databases/XCAT/binraws/260612/260612_1_muscle.raw,665,260612,
,musc478,skeletal_muscle,skeletal_muscle,musculoskeletal,skeletal_muscle,unspecified,muscle,unspecified,478,static,09_Musculoskeletal/Skeletal_Muscle,manual,ai_review:numeric_muscle_from_muscle_file,,corrected,high,musc#### shorthand in muscle.raw should remain skeletal muscle; prior report routed many to skeleton by numeric/pattern collision.,/Users/aghorban/code/databases/XCAT/binraws/260612/260612_1_muscle.raw,666,260612,
,musc401,skeletal_muscle,skeletal_muscle,musculoskeletal,skeletal_muscle,unspecified,muscle,unspecified,401,static,09_Musculoskeletal/Skeletal_Muscle,manual,ai_review:numeric_muscle_from_muscle_file,,corrected,high,musc#### shorthand in muscle.raw should remain skeletal muscle; prior report routed many to skeleton by numeric/pattern collision.,/Users/aghorban/code/databases/XCAT/binraws/260612/260612_1_muscle.raw,667,260612,
,musc754,skeletal_muscle,skeletal_muscle,musculoskeletal,skeletal_muscle,unspecified,muscle,unspecified,754,static,09_Musculoskeletal/Skeletal_Muscle,manual,ai_review:numeric_muscle_from_muscle_file,,corrected,high,musc#### shorthand in muscle.raw should remain skeletal muscle; prior report routed many to skeleton by numeric/pattern collision.,/Users/aghorban/code/databases/XCAT/binraws/260612/260612_1_muscle.raw,668,260612,
,musc408,skeletal_muscle,skeletal_muscle,musculoskeletal,skeletal_muscle,unspecified,muscle,unspecified,408,static,09_Musculoskeletal/Skeletal_Muscle,manual,ai_review:numeric_muscle_from_muscle_file,,corrected,high,musc#### shorthand in muscle.raw should remain skeletal muscle; prior report routed many to skeleton by numeric/pattern collision.,/Users/aghorban/code/databases/XCAT/binraws/260612/260612_1_muscle.raw,669,260612,
,musc1102,skeletal_muscle,skeletal_muscle,musculoskeletal,skeletal_muscle,unspecified,muscle,unspecified,1102,static,09_Musculoskeletal/Skeletal_Muscle,manual,ai_review:numeric_muscle_from_muscle_file,,corrected,high,musc#### shorthand in muscle.raw should remain skeletal muscle; prior report routed many to skeleton by numeric/pattern collision.,/Users/aghorban/code/databases/XCAT/binraws/260612/260612_1_muscle.raw,670,260612,
,musc479,skeletal_muscle,skeletal_muscle,musculoskeletal,skeletal_muscle,unspecified,muscle,unspecified,479,static,09_Musculoskeletal/Skeletal_Muscle,manual,ai_review:numeric_muscle_from_muscle_file,,corrected,high,musc#### shorthand in muscle.raw should remain skeletal muscle; prior report routed many to skeleton by numeric/pattern collision.,/Users/aghorban/code/databases/XCAT/binraws/260612/260612_1_muscle.raw,671,260612,
,musc399,skeletal_muscle,skeletal_muscle,musculoskeletal,skeletal_muscle,unspecified,muscle,unspecified,399,static,09_Musculoskeletal/Skeletal_Muscle,manual,ai_review:numeric_muscle_from_muscle_file,,corrected,high,musc#### shorthand in muscle.raw should remain skeletal muscle; prior report routed many to skeleton by numeric/pattern collision.,/Users/aghorban/code/databases/XCAT/binraws/260612/260612_1_muscle.raw,672,260612,
,musc402,skeletal_muscle,skeletal_muscle,musculoskeletal,skeletal_muscle,unspecified,muscle,unspecified,402,static,09_Musculoskeletal/Skeletal_Muscle,manual,ai_review:numeric_muscle_from_muscle_file,,corrected,high,musc#### shorthand in muscle.raw should remain skeletal muscle; prior report routed many to skeleton by numeric/pattern collision.,/Users/aghorban/code/databases/XCAT/binraws/260612/260612_1_muscle.raw,673,260612,
,musc481,skeletal_muscle,skeletal_muscle,musculoskeletal,skeletal_muscle,unspecified,muscle,unspecified,481,static,09_Musculoskeletal/Skeletal_Muscle,manual,ai_review:numeric_muscle_from_muscle_file,,corrected,high,musc#### shorthand in muscle.raw should remain skeletal muscle; prior report routed many to skeleton by numeric/pattern collision.,/Users/aghorban/code/databases/XCAT/binraws/260612/260612_1_muscle.raw,674,260612,
,musc752,skeletal_muscle,skeletal_muscle,musculoskeletal,skeletal_muscle,unspecified,muscle,unspecified,752,static,09_Musculoskeletal/Skeletal_Muscle,manual,ai_review:numeric_muscle_from_muscle_file,,corrected,high,musc#### shorthand in muscle.raw should remain skeletal muscle; prior report routed many to skeleton by numeric/pattern collision.,/Users/aghorban/code/databases/XCAT/binraws/260612/260612_1_muscle.raw,675,260612,
,musc405,skeletal_muscle,skeletal_muscle,musculoskeletal,skeletal_muscle,unspecified,muscle,unspecified,405,static,09_Musculoskeletal/Skeletal_Muscle,manual,ai_review:numeric_muscle_from_muscle_file,,corrected,high,musc#### shorthand in muscle.raw should remain skeletal muscle; prior report routed many to skeleton by numeric/pattern collision.,/Users/aghorban/code/databases/XCAT/binraws/260612/260612_1_muscle.raw,676,260612,
,musc309,skeletal_muscle,skeletal_muscle,musculoskeletal,skeletal_muscle,unspecified,muscle,unspecified,309,static,09_Musculoskeletal/Skeletal_Muscle,manual,ai_review:numeric_muscle_from_muscle_file,,corrected,high,musc#### shorthand in muscle.raw should remain skeletal muscle; prior report routed many to skeleton by numeric/pattern collision.,/Users/aghorban/code/databases/XCAT/binraws/260612/260612_1_muscle.raw,677,260612,
,musc398,skeletal_muscle,skeletal_muscle,musculoskeletal,skeletal_muscle,unspecified,muscle,unspecified,398,static,09_Musculoskeletal/Skeletal_Muscle,manual,ai_review:numeric_muscle_from_muscle_file,,corrected,high,musc#### shorthand in muscle.raw should remain skeletal muscle; prior report routed many to skeleton by numeric/pattern collision.,/Users/aghorban/code/databases/XCAT/binraws/260612/260612_1_muscle.raw,678,260612,
,musc311,skeletal_muscle,skeletal_muscle,musculoskeletal,skeletal_muscle,unspecified,muscle,unspecified,311,static,09_Musculoskeletal/Skeletal_Muscle,manual,ai_review:numeric_muscle_from_muscle_file,,corrected,high,musc#### shorthand in muscle.raw should remain skeletal muscle; prior report routed many to skeleton by numeric/pattern collision.,/Users/aghorban/code/databases/XCAT/binraws/260612/260612_1_muscle.raw,679,260612,
,musc310,skeletal_muscle,skeletal_muscle,musculoskeletal,skeletal_muscle,unspecified,muscle,unspecified,310,static,09_Musculoskeletal/Skeletal_Muscle,manual,ai_review:numeric_muscle_from_muscle_file,,corrected,high,musc#### shorthand in muscle.raw should remain skeletal muscle; prior report routed many to skeleton by numeric/pattern collision.,/Users/aghorban/code/databases/XCAT/binraws/260612/260612_1_muscle.raw,680,260612,
,musc249,skeletal_muscle,skeletal_muscle,musculoskeletal,skeletal_muscle,unspecified,muscle,unspecified,249,static,09_Musculoskeletal/Skeletal_Muscle,manual,ai_review:numeric_muscle_from_muscle_file,,corrected,high,musc#### shorthand in muscle.raw should remain skeletal muscle; prior report routed many to skeleton by numeric/pattern collision.,/Users/aghorban/code/databases/XCAT/binraws/260612/260612_1_muscle.raw,681,260612,
,musc246,skeletal_muscle,skeletal_muscle,musculoskeletal,skeletal_muscle,unspecified,muscle,unspecified,246,static,09_Musculoskeletal/Skeletal_Muscle,manual,ai_review:numeric_muscle_from_muscle_file,,corrected,high,musc#### shorthand in muscle.raw should remain skeletal muscle; prior report routed many to skeleton by numeric/pattern collision.,/Users/aghorban/code/databases/XCAT/binraws/260612/260612_1_muscle.raw,682,260612,
,musc250,skeletal_muscle,skeletal_muscle,musculoskeletal,skeletal_muscle,unspecified,muscle,unspecified,250,static,09_Musculoskeletal/Skeletal_Muscle,manual,ai_review:numeric_muscle_from_muscle_file,,corrected,high,musc#### shorthand in muscle.raw should remain skeletal muscle; prior report routed many to skeleton by numeric/pattern collision.,/Users/aghorban/code/databases/XCAT/binraws/260612/260612_1_muscle.raw,683,260612,
,musc232,skeletal_muscle,skeletal_muscle,musculoskeletal,skeletal_muscle,unspecified,muscle,unspecified,232,static,09_Musculoskeletal/Skeletal_Muscle,manual,ai_review:numeric_muscle_from_muscle_file,,corrected,high,musc#### shorthand in muscle.raw should remain skeletal muscle; prior report routed many to skeleton by numeric/pattern collision.,/Users/aghorban/code/databases/XCAT/binraws/260612/260612_1_muscle.raw,684,260612,
,musc1486,skeletal_muscle,skeletal_muscle,musculoskeletal,skeletal_muscle,unspecified,muscle,unspecified,1486,static,09_Musculoskeletal/Skeletal_Muscle,manual,ai_review:numeric_muscle_from_muscle_file,,corrected,high,musc#### shorthand in muscle.raw should remain skeletal muscle; prior report routed many to skeleton by numeric/pattern collision.,/Users/aghorban/code/databases/XCAT/binraws/260612/260612_1_muscle.raw,685,260612,
,musc296,skeletal_muscle,skeletal_muscle,musculoskeletal,skeletal_muscle,unspecified,muscle,unspecified,296,static,09_Musculoskeletal/Skeletal_Muscle,manual,ai_review:numeric_muscle_from_muscle_file,,corrected,high,musc#### shorthand in muscle.raw should remain skeletal muscle; prior report routed many to skeleton by numeric/pattern collision.,/Users/aghorban/code/databases/XCAT/binraws/260612/260612_1_muscle.raw,686,260612,
,musc297,skeletal_muscle,skeletal_muscle,musculoskeletal,skeletal_muscle,unspecified,muscle,unspecified,297,static,09_Musculoskeletal/Skeletal_Muscle,manual,ai_review:numeric_muscle_from_muscle_file,,corrected,high,musc#### shorthand in muscle.raw should remain skeletal muscle; prior report routed many to skeleton by numeric/pattern collision.,/Users/aghorban/code/databases/XCAT/binraws/260612/260612_1_muscle.raw,687,260612,
,musc298,skeletal_muscle,skeletal_muscle,musculoskeletal,skeletal_muscle,unspecified,muscle,unspecified,298,static,09_Musculoskeletal/Skeletal_Muscle,manual,ai_review:numeric_muscle_from_muscle_file,,corrected,high,musc#### shorthand in muscle.raw should remain skeletal muscle; prior report routed many to skeleton by numeric/pattern collision.,/Users/aghorban/code/databases/XCAT/binraws/260612/260612_1_muscle.raw,688,260612,
,musc299,skeletal_muscle,skeletal_muscle,musculoskeletal,skeletal_muscle,unspecified,muscle,unspecified,299,static,09_Musculoskeletal/Skeletal_Muscle,manual,ai_review:numeric_muscle_from_muscle_file,,corrected,high,musc#### shorthand in muscle.raw should remain skeletal muscle; prior report routed many to skeleton by numeric/pattern collision.,/Users/aghorban/code/databases/XCAT/binraws/260612/260612_1_muscle.raw,689,260612,
,musc380,skeletal_muscle,skeletal_muscle,musculoskeletal,skeletal_muscle,unspecified,muscle,unspecified,380,static,09_Musculoskeletal/Skeletal_Muscle,manual,ai_review:numeric_muscle_from_muscle_file,,corrected,high,musc#### shorthand in muscle.raw should remain skeletal muscle; prior report routed many to skeleton by numeric/pattern collision.,/Users/aghorban/code/databases/XCAT/binraws/260612/260612_1_muscle.raw,690,260612,
,musc381,skeletal_muscle,skeletal_muscle,musculoskeletal,skeletal_muscle,unspecified,muscle,unspecified,381,static,09_Musculoskeletal/Skeletal_Muscle,manual,ai_review:numeric_muscle_from_muscle_file,,corrected,high,musc#### shorthand in muscle.raw should remain skeletal muscle; prior report routed many to skeleton by numeric/pattern collision.,/Users/aghorban/code/databases/XCAT/binraws/260612/260612_1_muscle.raw,691,260612,
,musc382,skeletal_muscle,skeletal_muscle,musculoskeletal,skeletal_muscle,unspecified,muscle,unspecified,382,static,09_Musculoskeletal/Skeletal_Muscle,manual,ai_review:numeric_muscle_from_muscle_file,,corrected,high,musc#### shorthand in muscle.raw should remain skeletal muscle; prior report routed many to skeleton by numeric/pattern collision.,/Users/aghorban/code/databases/XCAT/binraws/260612/260612_1_muscle.raw,692,260612,
,musc383,skeletal_muscle,skeletal_muscle,musculoskeletal,skeletal_muscle,unspecified,muscle,unspecified,383,static,09_Musculoskeletal/Skeletal_Muscle,manual,ai_review:numeric_muscle_from_muscle_file,,corrected,high,musc#### shorthand in muscle.raw should remain skeletal muscle; prior report routed many to skeleton by numeric/pattern collision.,/Users/aghorban/code/databases/XCAT/binraws/260612/260612_1_muscle.raw,693,260612,
,musc384,skeletal_muscle,skeletal_muscle,musculoskeletal,skeletal_muscle,unspecified,muscle,unspecified,384,static,09_Musculoskeletal/Skeletal_Muscle,manual,ai_review:numeric_muscle_from_muscle_file,,corrected,high,musc#### shorthand in muscle.raw should remain skeletal muscle; prior report routed many to skeleton by numeric/pattern collision.,/Users/aghorban/code/databases/XCAT/binraws/260612/260612_1_muscle.raw,694,260612,
,musc386,skeletal_muscle,skeletal_muscle,musculoskeletal,skeletal_muscle,unspecified,muscle,unspecified,386,static,09_Musculoskeletal/Skeletal_Muscle,manual,ai_review:numeric_muscle_from_muscle_file,,corrected,high,musc#### shorthand in muscle.raw should remain skeletal muscle; prior report routed many to skeleton by numeric/pattern collision.,/Users/aghorban/code/databases/XCAT/binraws/260612/260612_1_muscle.raw,695,260612,
,musc388,skeletal_muscle,skeletal_muscle,musculoskeletal,skeletal_muscle,unspecified,muscle,unspecified,388,static,09_Musculoskeletal/Skeletal_Muscle,manual,ai_review:numeric_muscle_from_muscle_file,,corrected,high,musc#### shorthand in muscle.raw should remain skeletal muscle; prior report routed many to skeleton by numeric/pattern collision.,/Users/aghorban/code/databases/XCAT/binraws/260612/260612_1_muscle.raw,696,260612,
,musc389,skeletal_muscle,skeletal_muscle,musculoskeletal,skeletal_muscle,unspecified,muscle,unspecified,389,static,09_Musculoskeletal/Skeletal_Muscle,manual,ai_review:numeric_muscle_from_muscle_file,,corrected,high,musc#### shorthand in muscle.raw should remain skeletal muscle; prior report routed many to skeleton by numeric/pattern collision.,/Users/aghorban/code/databases/XCAT/binraws/260612/260612_1_muscle.raw,697,260612,
,musc390,skeletal_muscle,skeletal_muscle,musculoskeletal,skeletal_muscle,unspecified,muscle,unspecified,390,static,09_Musculoskeletal/Skeletal_Muscle,manual,ai_review:numeric_muscle_from_muscle_file,,corrected,high,musc#### shorthand in muscle.raw should remain skeletal muscle; prior report routed many to skeleton by numeric/pattern collision.,/Users/aghorban/code/databases/XCAT/binraws/260612/260612_1_muscle.raw,698,260612,
,musc391,skeletal_muscle,skeletal_muscle,musculoskeletal,skeletal_muscle,unspecified,muscle,unspecified,391,static,09_Musculoskeletal/Skeletal_Muscle,manual,ai_review:numeric_muscle_from_muscle_file,,corrected,high,musc#### shorthand in muscle.raw should remain skeletal muscle; prior report routed many to skeleton by numeric/pattern collision.,/Users/aghorban/code/databases/XCAT/binraws/260612/260612_1_muscle.raw,699,260612,
,musc392,skeletal_muscle,skeletal_muscle,musculoskeletal,skeletal_muscle,unspecified,muscle,unspecified,392,static,09_Musculoskeletal/Skeletal_Muscle,manual,ai_review:numeric_muscle_from_muscle_file,,corrected,high,musc#### shorthand in muscle.raw should remain skeletal muscle; prior report routed many to skeleton by numeric/pattern collision.,/Users/aghorban/code/databases/XCAT/binraws/260612/260612_1_muscle.raw,700,260612,
,musc393,skeletal_muscle,skeletal_muscle,musculoskeletal,skeletal_muscle,unspecified,muscle,unspecified,393,static,09_Musculoskeletal/Skeletal_Muscle,manual,ai_review:numeric_muscle_from_muscle_file,,corrected,high,musc#### shorthand in muscle.raw should remain skeletal muscle; prior report routed many to skeleton by numeric/pattern collision.,/Users/aghorban/code/databases/XCAT/binraws/260612/260612_1_muscle.raw,701,260612,
,musc394,skeletal_muscle,skeletal_muscle,musculoskeletal,skeletal_muscle,unspecified,muscle,unspecified,394,static,09_Musculoskeletal/Skeletal_Muscle,manual,ai_review:numeric_muscle_from_muscle_file,,corrected,high,musc#### shorthand in muscle.raw should remain skeletal muscle; prior report routed many to skeleton by numeric/pattern collision.,/Users/aghorban/code/databases/XCAT/binraws/260612/260612_1_muscle.raw,702,260612,
,musc395,skeletal_muscle,skeletal_muscle,musculoskeletal,skeletal_muscle,unspecified,muscle,unspecified,395,static,09_Musculoskeletal/Skeletal_Muscle,manual,ai_review:numeric_muscle_from_muscle_file,,corrected,high,musc#### shorthand in muscle.raw should remain skeletal muscle; prior report routed many to skeleton by numeric/pattern collision.,/Users/aghorban/code/databases/XCAT/binraws/260612/260612_1_muscle.raw,703,260612,
,musc410,skeletal_muscle,skeletal_muscle,musculoskeletal,skeletal_muscle,unspecified,muscle,unspecified,410,static,09_Musculoskeletal/Skeletal_Muscle,manual,ai_review:numeric_muscle_from_muscle_file,,corrected,high,musc#### shorthand in muscle.raw should remain skeletal muscle; prior report routed many to skeleton by numeric/pattern collision.,/Users/aghorban/code/databases/XCAT/binraws/260612/260612_1_muscle.raw,704,260612,
,musc474,skeletal_muscle,skeletal_muscle,musculoskeletal,skeletal_muscle,unspecified,muscle,unspecified,474,static,09_Musculoskeletal/Skeletal_Muscle,manual,ai_review:numeric_muscle_from_muscle_file,,corrected,high,musc#### shorthand in muscle.raw should remain skeletal muscle; prior report routed many to skeleton by numeric/pattern collision.,/Users/aghorban/code/databases/XCAT/binraws/260612/260612_1_muscle.raw,705,260612,
,musc475,skeletal_muscle,skeletal_muscle,musculoskeletal,skeletal_muscle,unspecified,muscle,unspecified,475,static,09_Musculoskeletal/Skeletal_Muscle,manual,ai_review:numeric_muscle_from_muscle_file,,corrected,high,musc#### shorthand in muscle.raw should remain skeletal muscle; prior report routed many to skeleton by numeric/pattern collision.,/Users/aghorban/code/databases/XCAT/binraws/260612/260612_1_muscle.raw,706,260612,
,musc541,skeletal_muscle,skeletal_muscle,musculoskeletal,skeletal_muscle,unspecified,muscle,unspecified,541,static,09_Musculoskeletal/Skeletal_Muscle,manual,ai_review:numeric_muscle_from_muscle_file,,corrected,high,musc#### shorthand in muscle.raw should remain skeletal muscle; prior report routed many to skeleton by numeric/pattern collision.,/Users/aghorban/code/databases/XCAT/binraws/260612/260612_1_muscle.raw,707,260612,
,musc546,skeletal_muscle,skeletal_muscle,musculoskeletal,skeletal_muscle,unspecified,muscle,unspecified,546,static,09_Musculoskeletal/Skeletal_Muscle,manual,ai_review:numeric_muscle_from_muscle_file,,corrected,high,musc#### shorthand in muscle.raw should remain skeletal muscle; prior report routed many to skeleton by numeric/pattern collision.,/Users/aghorban/code/databases/XCAT/binraws/260612/260612_1_muscle.raw,708,260612,
,musc547,skeletal_muscle,skeletal_muscle,musculoskeletal,skeletal_muscle,unspecified,muscle,unspecified,547,static,09_Musculoskeletal/Skeletal_Muscle,manual,ai_review:numeric_muscle_from_muscle_file,,corrected,high,musc#### shorthand in muscle.raw should remain skeletal muscle; prior report routed many to skeleton by numeric/pattern collision.,/Users/aghorban/code/databases/XCAT/binraws/260612/260612_1_muscle.raw,709,260612,
,musc568,skeletal_muscle,skeletal_muscle,musculoskeletal,skeletal_muscle,unspecified,muscle,unspecified,568,static,09_Musculoskeletal/Skeletal_Muscle,manual,ai_review:numeric_muscle_from_muscle_file,,corrected,high,musc#### shorthand in muscle.raw should remain skeletal muscle; prior report routed many to skeleton by numeric/pattern collision.,/Users/aghorban/code/databases/XCAT/binraws/260612/260612_1_muscle.raw,710,260612,
,musc569,skeletal_muscle,skeletal_muscle,musculoskeletal,skeletal_muscle,unspecified,muscle,unspecified,569,static,09_Musculoskeletal/Skeletal_Muscle,manual,ai_review:numeric_muscle_from_muscle_file,,corrected,high,musc#### shorthand in muscle.raw should remain skeletal muscle; prior report routed many to skeleton by numeric/pattern collision.,/Users/aghorban/code/databases/XCAT/binraws/260612/260612_1_muscle.raw,711,260612,
,musc570,skeletal_muscle,skeletal_muscle,musculoskeletal,skeletal_muscle,unspecified,muscle,unspecified,570,static,09_Musculoskeletal/Skeletal_Muscle,manual,ai_review:numeric_muscle_from_muscle_file,,corrected,high,musc#### shorthand in muscle.raw should remain skeletal muscle; prior report routed many to skeleton by numeric/pattern collision.,/Users/aghorban/code/databases/XCAT/binraws/260612/260612_1_muscle.raw,712,260612,
,musc574,skeletal_muscle,skeletal_muscle,musculoskeletal,skeletal_muscle,unspecified,muscle,unspecified,574,static,09_Musculoskeletal/Skeletal_Muscle,manual,ai_review:numeric_muscle_from_muscle_file,,corrected,high,musc#### shorthand in muscle.raw should remain skeletal muscle; prior report routed many to skeleton by numeric/pattern collision.,/Users/aghorban/code/databases/XCAT/binraws/260612/260612_1_muscle.raw,713,260612,
,musc575,skeletal_muscle,skeletal_muscle,musculoskeletal,skeletal_muscle,unspecified,muscle,unspecified,575,static,09_Musculoskeletal/Skeletal_Muscle,manual,ai_review:numeric_muscle_from_muscle_file,,corrected,high,musc#### shorthand in muscle.raw should remain skeletal muscle; prior report routed many to skeleton by numeric/pattern collision.,/Users/aghorban/code/databases/XCAT/binraws/260612/260612_1_muscle.raw,714,260612,
,musc576,skeletal_muscle,skeletal_muscle,musculoskeletal,skeletal_muscle,unspecified,muscle,unspecified,576,static,09_Musculoskeletal/Skeletal_Muscle,manual,ai_review:numeric_muscle_from_muscle_file,,corrected,high,musc#### shorthand in muscle.raw should remain skeletal muscle; prior report routed many to skeleton by numeric/pattern collision.,/Users/aghorban/code/databases/XCAT/binraws/260612/260612_1_muscle.raw,715,260612,
,musc577,skeletal_muscle,skeletal_muscle,musculoskeletal,skeletal_muscle,unspecified,muscle,unspecified,577,static,09_Musculoskeletal/Skeletal_Muscle,manual,ai_review:numeric_muscle_from_muscle_file,,corrected,high,musc#### shorthand in muscle.raw should remain skeletal muscle; prior report routed many to skeleton by numeric/pattern collision.,/Users/aghorban/code/databases/XCAT/binraws/260612/260612_1_muscle.raw,716,260612,
,musc578,skeletal_muscle,skeletal_muscle,musculoskeletal,skeletal_muscle,unspecified,muscle,unspecified,578,static,09_Musculoskeletal/Skeletal_Muscle,manual,ai_review:numeric_muscle_from_muscle_file,,corrected,high,musc#### shorthand in muscle.raw should remain skeletal muscle; prior report routed many to skeleton by numeric/pattern collision.,/Users/aghorban/code/databases/XCAT/binraws/260612/260612_1_muscle.raw,717,260612,
,musc244,skeletal_muscle,skeletal_muscle,musculoskeletal,skeletal_muscle,unspecified,muscle,unspecified,244,static,09_Musculoskeletal/Skeletal_Muscle,manual,ai_review:numeric_muscle_from_muscle_file,,corrected,high,musc#### shorthand in muscle.raw should remain skeletal muscle; prior report routed many to skeleton by numeric/pattern collision.,/Users/aghorban/code/databases/XCAT/binraws/260612/260612_1_muscle.raw,718,260612,
,musc245,skeletal_muscle,skeletal_muscle,musculoskeletal,skeletal_muscle,unspecified,muscle,unspecified,245,static,09_Musculoskeletal/Skeletal_Muscle,manual,ai_review:numeric_muscle_from_muscle_file,,corrected,high,musc#### shorthand in muscle.raw should remain skeletal muscle; prior report routed many to skeleton by numeric/pattern collision.,/Users/aghorban/code/databases/XCAT/binraws/260612/260612_1_muscle.raw,719,260612,
,musc247,skeletal_muscle,skeletal_muscle,musculoskeletal,skeletal_muscle,unspecified,muscle,unspecified,247,static,09_Musculoskeletal/Skeletal_Muscle,manual,ai_review:numeric_muscle_from_muscle_file,,corrected,high,musc#### shorthand in muscle.raw should remain skeletal muscle; prior report routed many to skeleton by numeric/pattern collision.,/Users/aghorban/code/databases/XCAT/binraws/260612/260612_1_muscle.raw,720,260612,
,musc1568,skeletal_muscle,skeletal_muscle,musculoskeletal,skeletal_muscle,unspecified,muscle,unspecified,1568,static,09_Musculoskeletal/Skeletal_Muscle,manual,ai_review:numeric_muscle_from_muscle_file,,corrected,high,musc#### shorthand in muscle.raw should remain skeletal muscle; prior report routed many to skeleton by numeric/pattern collision.,/Users/aghorban/code/databases/XCAT/binraws/260612/260612_1_muscle.raw,721,260612,
,musc1569,skeletal_muscle,skeletal_muscle,musculoskeletal,skeletal_muscle,unspecified,muscle,unspecified,1569,static,09_Musculoskeletal/Skeletal_Muscle,manual,ai_review:numeric_muscle_from_muscle_file,,corrected,high,musc#### shorthand in muscle.raw should remain skeletal muscle; prior report routed many to skeleton by numeric/pattern collision.,/Users/aghorban/code/databases/XCAT/binraws/260612/260612_1_muscle.raw,722,260612,
,musc327,skeletal_muscle,skeletal_muscle,musculoskeletal,skeletal_muscle,unspecified,muscle,unspecified,327,static,09_Musculoskeletal/Skeletal_Muscle,manual,ai_review:numeric_muscle_from_muscle_file,,corrected,high,musc#### shorthand in muscle.raw should remain skeletal muscle; prior report routed many to skeleton by numeric/pattern collision.,/Users/aghorban/code/databases/XCAT/binraws/260612/260612_1_muscle.raw,723,260612,
,musc336,skeletal_muscle,skeletal_muscle,musculoskeletal,skeletal_muscle,unspecified,muscle,unspecified,336,static,09_Musculoskeletal/Skeletal_Muscle,manual,ai_review:numeric_muscle_from_muscle_file,,corrected,high,musc#### shorthand in muscle.raw should remain skeletal muscle; prior report routed many to skeleton by numeric/pattern collision.,/Users/aghorban/code/databases/XCAT/binraws/260612/260612_1_muscle.raw,724,260612,
,musc1571,skeletal_muscle,skeletal_muscle,musculoskeletal,skeletal_muscle,unspecified,muscle,unspecified,1571,static,09_Musculoskeletal/Skeletal_Muscle,manual,ai_review:numeric_muscle_from_muscle_file,,corrected,high,musc#### shorthand in muscle.raw should remain skeletal muscle; prior report routed many to skeleton by numeric/pattern collision.,/Users/aghorban/code/databases/XCAT/binraws/260612/260612_1_muscle.raw,725,260612,
,musc1572,skeletal_muscle,skeletal_muscle,musculoskeletal,skeletal_muscle,unspecified,muscle,unspecified,1572,static,09_Musculoskeletal/Skeletal_Muscle,manual,ai_review:numeric_muscle_from_muscle_file,,corrected,high,musc#### shorthand in muscle.raw should remain skeletal muscle; prior report routed many to skeleton by numeric/pattern collision.,/Users/aghorban/code/databases/XCAT/binraws/260612/260612_1_muscle.raw,726,260612,
,musc1573,skeletal_muscle,skeletal_muscle,musculoskeletal,skeletal_muscle,unspecified,muscle,unspecified,1573,static,09_Musculoskeletal/Skeletal_Muscle,manual,ai_review:numeric_muscle_from_muscle_file,,corrected,high,musc#### shorthand in muscle.raw should remain skeletal muscle; prior report routed many to skeleton by numeric/pattern collision.,/Users/aghorban/code/databases/XCAT/binraws/260612/260612_1_muscle.raw,727,260612,
,musc1574,skeletal_muscle,skeletal_muscle,musculoskeletal,skeletal_muscle,unspecified,muscle,unspecified,1574,static,09_Musculoskeletal/Skeletal_Muscle,manual,ai_review:numeric_muscle_from_muscle_file,,corrected,high,musc#### shorthand in muscle.raw should remain skeletal muscle; prior report routed many to skeleton by numeric/pattern collision.,/Users/aghorban/code/databases/XCAT/binraws/260612/260612_1_muscle.raw,728,260612,
,musc26,skeletal_muscle,skeletal_muscle,musculoskeletal,skeletal_muscle,unspecified,muscle,unspecified,26,static,09_Musculoskeletal/Skeletal_Muscle,manual,ai_review:numeric_muscle_from_muscle_file,,corrected,high,musc#### shorthand in muscle.raw should remain skeletal muscle; prior report routed many to skeleton by numeric/pattern collision.,/Users/aghorban/code/databases/XCAT/binraws/260612/260612_1_muscle.raw,729,260612,
,musc27,skeletal_muscle,skeletal_muscle,musculoskeletal,skeletal_muscle,unspecified,muscle,unspecified,27,static,09_Musculoskeletal/Skeletal_Muscle,manual,ai_review:numeric_muscle_from_muscle_file,,corrected,high,musc#### shorthand in muscle.raw should remain skeletal muscle; prior report routed many to skeleton by numeric/pattern collision.,/Users/aghorban/code/databases/XCAT/binraws/260612/260612_1_muscle.raw,730,260612,
,musc28,skeletal_muscle,skeletal_muscle,musculoskeletal,skeletal_muscle,unspecified,muscle,unspecified,28,static,09_Musculoskeletal/Skeletal_Muscle,manual,ai_review:numeric_muscle_from_muscle_file,,corrected,high,musc#### shorthand in muscle.raw should remain skeletal muscle; prior report routed many to skeleton by numeric/pattern collision.,/Users/aghorban/code/databases/XCAT/binraws/260612/260612_1_muscle.raw,731,260612,
,musc29,skeletal_muscle,skeletal_muscle,musculoskeletal,skeletal_muscle,unspecified,muscle,unspecified,29,static,09_Musculoskeletal/Skeletal_Muscle,manual,ai_review:numeric_muscle_from_muscle_file,,corrected,high,musc#### shorthand in muscle.raw should remain skeletal muscle; prior report routed many to skeleton by numeric/pattern collision.,/Users/aghorban/code/databases/XCAT/binraws/260612/260612_1_muscle.raw,732,260612,
,musc30,skeletal_muscle,skeletal_muscle,musculoskeletal,skeletal_muscle,unspecified,muscle,unspecified,30,static,09_Musculoskeletal/Skeletal_Muscle,manual,ai_review:numeric_muscle_from_muscle_file,,corrected,high,musc#### shorthand in muscle.raw should remain skeletal muscle; prior report routed many to skeleton by numeric/pattern collision.,/Users/aghorban/code/databases/XCAT/binraws/260612/260612_1_muscle.raw,733,260612,
,musc32,skeletal_muscle,skeletal_muscle,musculoskeletal,skeletal_muscle,unspecified,muscle,unspecified,32,static,09_Musculoskeletal/Skeletal_Muscle,manual,ai_review:numeric_muscle_from_muscle_file,,corrected,high,musc#### shorthand in muscle.raw should remain skeletal muscle; prior report routed many to skeleton by numeric/pattern collision.,/Users/aghorban/code/databases/XCAT/binraws/260612/260612_1_muscle.raw,734,260612,
,musc325,skeletal_muscle,skeletal_muscle,musculoskeletal,skeletal_muscle,unspecified,muscle,unspecified,325,static,09_Musculoskeletal/Skeletal_Muscle,manual,ai_review:numeric_muscle_from_muscle_file,,corrected,high,musc#### shorthand in muscle.raw should remain skeletal muscle; prior report routed many to skeleton by numeric/pattern collision.,/Users/aghorban/code/databases/XCAT/binraws/260612/260612_1_muscle.raw,735,260612,
,musc326,skeletal_muscle,skeletal_muscle,musculoskeletal,skeletal_muscle,unspecified,muscle,unspecified,326,static,09_Musculoskeletal/Skeletal_Muscle,manual,ai_review:numeric_muscle_from_muscle_file,,corrected,high,musc#### shorthand in muscle.raw should remain skeletal muscle; prior report routed many to skeleton by numeric/pattern collision.,/Users/aghorban/code/databases/XCAT/binraws/260612/260612_1_muscle.raw,736,260612,
,musc328,skeletal_muscle,skeletal_muscle,musculoskeletal,skeletal_muscle,unspecified,muscle,unspecified,328,static,09_Musculoskeletal/Skeletal_Muscle,manual,ai_review:numeric_muscle_from_muscle_file,,corrected,high,musc#### shorthand in muscle.raw should remain skeletal muscle; prior report routed many to skeleton by numeric/pattern collision.,/Users/aghorban/code/databases/XCAT/binraws/260612/260612_1_muscle.raw,737,260612,
,musc329,skeletal_muscle,skeletal_muscle,musculoskeletal,skeletal_muscle,unspecified,muscle,unspecified,329,static,09_Musculoskeletal/Skeletal_Muscle,manual,ai_review:numeric_muscle_from_muscle_file,,corrected,high,musc#### shorthand in muscle.raw should remain skeletal muscle; prior report routed many to skeleton by numeric/pattern collision.,/Users/aghorban/code/databases/XCAT/binraws/260612/260612_1_muscle.raw,738,260612,
,musc33,skeletal_muscle,skeletal_muscle,musculoskeletal,skeletal_muscle,unspecified,muscle,unspecified,33,static,09_Musculoskeletal/Skeletal_Muscle,manual,ai_review:numeric_muscle_from_muscle_file,,corrected,high,musc#### shorthand in muscle.raw should remain skeletal muscle; prior report routed many to skeleton by numeric/pattern collision.,/Users/aghorban/code/databases/XCAT/binraws/260612/260612_1_muscle.raw,739,260612,
,musc330,skeletal_muscle,skeletal_muscle,musculoskeletal,skeletal_muscle,unspecified,muscle,unspecified,330,static,09_Musculoskeletal/Skeletal_Muscle,manual,ai_review:numeric_muscle_from_muscle_file,,corrected,high,musc#### shorthand in muscle.raw should remain skeletal muscle; prior report routed many to skeleton by numeric/pattern collision.,/Users/aghorban/code/databases/XCAT/binraws/260612/260612_1_muscle.raw,740,260612,
,musc331,skeletal_muscle,skeletal_muscle,musculoskeletal,skeletal_muscle,unspecified,muscle,unspecified,331,static,09_Musculoskeletal/Skeletal_Muscle,manual,ai_review:numeric_muscle_from_muscle_file,,corrected,high,musc#### shorthand in muscle.raw should remain skeletal muscle; prior report routed many to skeleton by numeric/pattern collision.,/Users/aghorban/code/databases/XCAT/binraws/260612/260612_1_muscle.raw,741,260612,
,musc332,skeletal_muscle,skeletal_muscle,musculoskeletal,skeletal_muscle,unspecified,muscle,unspecified,332,static,09_Musculoskeletal/Skeletal_Muscle,manual,ai_review:numeric_muscle_from_muscle_file,,corrected,high,musc#### shorthand in muscle.raw should remain skeletal muscle; prior report routed many to skeleton by numeric/pattern collision.,/Users/aghorban/code/databases/XCAT/binraws/260612/260612_1_muscle.raw,742,260612,
,musc333,skeletal_muscle,skeletal_muscle,musculoskeletal,skeletal_muscle,unspecified,muscle,unspecified,333,static,09_Musculoskeletal/Skeletal_Muscle,manual,ai_review:numeric_muscle_from_muscle_file,,corrected,high,musc#### shorthand in muscle.raw should remain skeletal muscle; prior report routed many to skeleton by numeric/pattern collision.,/Users/aghorban/code/databases/XCAT/binraws/260612/260612_1_muscle.raw,743,260612,
,musc334,skeletal_muscle,skeletal_muscle,musculoskeletal,skeletal_muscle,unspecified,muscle,unspecified,334,static,09_Musculoskeletal/Skeletal_Muscle,manual,ai_review:numeric_muscle_from_muscle_file,,corrected,high,musc#### shorthand in muscle.raw should remain skeletal muscle; prior report routed many to skeleton by numeric/pattern collision.,/Users/aghorban/code/databases/XCAT/binraws/260612/260612_1_muscle.raw,744,260612,
,musc34,skeletal_muscle,skeletal_muscle,musculoskeletal,skeletal_muscle,unspecified,muscle,unspecified,34,static,09_Musculoskeletal/Skeletal_Muscle,manual,ai_review:numeric_muscle_from_muscle_file,,corrected,high,musc#### shorthand in muscle.raw should remain skeletal muscle; prior report routed many to skeleton by numeric/pattern collision.,/Users/aghorban/code/databases/XCAT/binraws/260612/260612_1_muscle.raw,745,260612,
,musc35,skeletal_muscle,skeletal_muscle,musculoskeletal,skeletal_muscle,unspecified,muscle,unspecified,35,static,09_Musculoskeletal/Skeletal_Muscle,manual,ai_review:numeric_muscle_from_muscle_file,,corrected,high,musc#### shorthand in muscle.raw should remain skeletal muscle; prior report routed many to skeleton by numeric/pattern collision.,/Users/aghorban/code/databases/XCAT/binraws/260612/260612_1_muscle.raw,746,260612,
,musc368,skeletal_muscle,skeletal_muscle,musculoskeletal,skeletal_muscle,unspecified,muscle,unspecified,368,static,09_Musculoskeletal/Skeletal_Muscle,manual,ai_review:numeric_muscle_from_muscle_file,,corrected,high,musc#### shorthand in muscle.raw should remain skeletal muscle; prior report routed many to skeleton by numeric/pattern collision.,/Users/aghorban/code/databases/XCAT/binraws/260612/260612_1_muscle.raw,747,260612,
,musc369,skeletal_muscle,skeletal_muscle,musculoskeletal,skeletal_muscle,unspecified,muscle,unspecified,369,static,09_Musculoskeletal/Skeletal_Muscle,manual,ai_review:numeric_muscle_from_muscle_file,,corrected,high,musc#### shorthand in muscle.raw should remain skeletal muscle; prior report routed many to skeleton by numeric/pattern collision.,/Users/aghorban/code/databases/XCAT/binraws/260612/260612_1_muscle.raw,748,260612,
,musc370,skeletal_muscle,skeletal_muscle,musculoskeletal,skeletal_muscle,unspecified,muscle,unspecified,370,static,09_Musculoskeletal/Skeletal_Muscle,manual,ai_review:numeric_muscle_from_muscle_file,,corrected,high,musc#### shorthand in muscle.raw should remain skeletal muscle; prior report routed many to skeleton by numeric/pattern collision.,/Users/aghorban/code/databases/XCAT/binraws/260612/260612_1_muscle.raw,749,260612,
,musc371,skeletal_muscle,skeletal_muscle,musculoskeletal,skeletal_muscle,unspecified,muscle,unspecified,371,static,09_Musculoskeletal/Skeletal_Muscle,manual,ai_review:numeric_muscle_from_muscle_file,,corrected,high,musc#### shorthand in muscle.raw should remain skeletal muscle; prior report routed many to skeleton by numeric/pattern collision.,/Users/aghorban/code/databases/XCAT/binraws/260612/260612_1_muscle.raw,750,260612,
,musc40,skeletal_muscle,skeletal_muscle,musculoskeletal,skeletal_muscle,unspecified,muscle,unspecified,40,static,09_Musculoskeletal/Skeletal_Muscle,manual,ai_review:numeric_muscle_from_muscle_file,,corrected,high,musc#### shorthand in muscle.raw should remain skeletal muscle; prior report routed many to skeleton by numeric/pattern collision.,/Users/aghorban/code/databases/XCAT/binraws/260612/260612_1_muscle.raw,751,260612,
,musc654,skeletal_muscle,skeletal_muscle,musculoskeletal,skeletal_muscle,unspecified,muscle,unspecified,654,static,09_Musculoskeletal/Skeletal_Muscle,manual,ai_review:numeric_muscle_from_muscle_file,,corrected,high,musc#### shorthand in muscle.raw should remain skeletal muscle; prior report routed many to skeleton by numeric/pattern collision.,/Users/aghorban/code/databases/XCAT/binraws/260612/260612_1_muscle.raw,752,260612,
,musc78,skeletal_muscle,skeletal_muscle,musculoskeletal,skeletal_muscle,unspecified,muscle,unspecified,78,static,09_Musculoskeletal/Skeletal_Muscle,manual,ai_review:numeric_muscle_from_muscle_file,,corrected,high,musc#### shorthand in muscle.raw should remain skeletal muscle; prior report routed many to skeleton by numeric/pattern collision.,/Users/aghorban/code/databases/XCAT/binraws/260612/260612_1_muscle.raw,753,260612,
,musc335,skeletal_muscle,skeletal_muscle,musculoskeletal,skeletal_muscle,unspecified,muscle,unspecified,335,static,09_Musculoskeletal/Skeletal_Muscle,manual,ai_review:numeric_muscle_from_muscle_file,,corrected,high,musc#### shorthand in muscle.raw should remain skeletal muscle; prior report routed many to skeleton by numeric/pattern collision.,/Users/aghorban/code/databases/XCAT/binraws/260612/260612_1_muscle.raw,754,260612,
,musc141,skeletal_muscle,skeletal_muscle,musculoskeletal,skeletal_muscle,unspecified,muscle,unspecified,141,static,09_Musculoskeletal/Skeletal_Muscle,manual,ai_review:numeric_muscle_from_muscle_file,,corrected,high,musc#### shorthand in muscle.raw should remain skeletal muscle; prior report routed many to skeleton by numeric/pattern collision.,/Users/aghorban/code/databases/XCAT/binraws/260612/260612_1_muscle.raw,755,260612,
,musc158,skeletal_muscle,skeletal_muscle,musculoskeletal,skeletal_muscle,unspecified,muscle,unspecified,158,static,09_Musculoskeletal/Skeletal_Muscle,manual,ai_review:numeric_muscle_from_muscle_file,,corrected,high,musc#### shorthand in muscle.raw should remain skeletal muscle; prior report routed many to skeleton by numeric/pattern collision.,/Users/aghorban/code/databases/XCAT/binraws/260612/260612_1_muscle.raw,756,260612,
,musc159,skeletal_muscle,skeletal_muscle,musculoskeletal,skeletal_muscle,unspecified,muscle,unspecified,159,static,09_Musculoskeletal/Skeletal_Muscle,manual,ai_review:numeric_muscle_from_muscle_file,,corrected,high,musc#### shorthand in muscle.raw should remain skeletal muscle; prior report routed many to skeleton by numeric/pattern collision.,/Users/aghorban/code/databases/XCAT/binraws/260612/260612_1_muscle.raw,757,260612,
,musc160,skeletal_muscle,skeletal_muscle,musculoskeletal,skeletal_muscle,unspecified,muscle,unspecified,160,static,09_Musculoskeletal/Skeletal_Muscle,manual,ai_review:numeric_muscle_from_muscle_file,,corrected,high,musc#### shorthand in muscle.raw should remain skeletal muscle; prior report routed many to skeleton by numeric/pattern collision.,/Users/aghorban/code/databases/XCAT/binraws/260612/260612_1_muscle.raw,758,260612,
,musc164,skeletal_muscle,skeletal_muscle,musculoskeletal,skeletal_muscle,unspecified,muscle,unspecified,164,static,09_Musculoskeletal/Skeletal_Muscle,manual,ai_review:numeric_muscle_from_muscle_file,,corrected,high,musc#### shorthand in muscle.raw should remain skeletal muscle; prior report routed many to skeleton by numeric/pattern collision.,/Users/aghorban/code/databases/XCAT/binraws/260612/260612_1_muscle.raw,759,260612,
,musc165,skeletal_muscle,skeletal_muscle,musculoskeletal,skeletal_muscle,unspecified,muscle,unspecified,165,static,09_Musculoskeletal/Skeletal_Muscle,manual,ai_review:numeric_muscle_from_muscle_file,,corrected,high,musc#### shorthand in muscle.raw should remain skeletal muscle; prior report routed many to skeleton by numeric/pattern collision.,/Users/aghorban/code/databases/XCAT/binraws/260612/260612_1_muscle.raw,760,260612,
,musc166,skeletal_muscle,skeletal_muscle,musculoskeletal,skeletal_muscle,unspecified,muscle,unspecified,166,static,09_Musculoskeletal/Skeletal_Muscle,manual,ai_review:numeric_muscle_from_muscle_file,,corrected,high,musc#### shorthand in muscle.raw should remain skeletal muscle; prior report routed many to skeleton by numeric/pattern collision.,/Users/aghorban/code/databases/XCAT/binraws/260612/260612_1_muscle.raw,761,260612,
,musc1663,skeletal_muscle,skeletal_muscle,musculoskeletal,skeletal_muscle,unspecified,muscle,unspecified,1663,static,09_Musculoskeletal/Skeletal_Muscle,manual,ai_review:numeric_muscle_from_muscle_file,,corrected,high,musc#### shorthand in muscle.raw should remain skeletal muscle; prior report routed many to skeleton by numeric/pattern collision.,/Users/aghorban/code/databases/XCAT/binraws/260612/260612_1_muscle.raw,762,260612,
,musc167,skeletal_muscle,skeletal_muscle,musculoskeletal,skeletal_muscle,unspecified,muscle,unspecified,167,static,09_Musculoskeletal/Skeletal_Muscle,manual,ai_review:numeric_muscle_from_muscle_file,,corrected,high,musc#### shorthand in muscle.raw should remain skeletal muscle; prior report routed many to skeleton by numeric/pattern collision.,/Users/aghorban/code/databases/XCAT/binraws/260612/260612_1_muscle.raw,763,260612,
,musc230,skeletal_muscle,skeletal_muscle,musculoskeletal,skeletal_muscle,unspecified,muscle,unspecified,230,static,09_Musculoskeletal/Skeletal_Muscle,manual,ai_review:numeric_muscle_from_muscle_file,,corrected,high,musc#### shorthand in muscle.raw should remain skeletal muscle; prior report routed many to skeleton by numeric/pattern collision.,/Users/aghorban/code/databases/XCAT/binraws/260612/260612_1_muscle.raw,764,260612,
,musc79,skeletal_muscle,skeletal_muscle,musculoskeletal,skeletal_muscle,unspecified,muscle,unspecified,79,static,09_Musculoskeletal/Skeletal_Muscle,manual,ai_review:numeric_muscle_from_muscle_file,,corrected,high,musc#### shorthand in muscle.raw should remain skeletal muscle; prior report routed many to skeleton by numeric/pattern collision.,/Users/aghorban/code/databases/XCAT/binraws/260612/260612_1_muscle.raw,765,260612,
,musc161,skeletal_muscle,skeletal_muscle,musculoskeletal,skeletal_muscle,unspecified,muscle,unspecified,161,static,09_Musculoskeletal/Skeletal_Muscle,manual,ai_review:numeric_muscle_from_muscle_file,,corrected,high,musc#### shorthand in muscle.raw should remain skeletal muscle; prior report routed many to skeleton by numeric/pattern collision.,/Users/aghorban/code/databases/XCAT/binraws/260612/260612_1_muscle.raw,767,260612,
,musc162,skeletal_muscle,skeletal_muscle,musculoskeletal,skeletal_muscle,unspecified,muscle,unspecified,162,static,09_Musculoskeletal/Skeletal_Muscle,manual,ai_review:numeric_muscle_from_muscle_file,,corrected,high,musc#### shorthand in muscle.raw should remain skeletal muscle; prior report routed many to skeleton by numeric/pattern collision.,/Users/aghorban/code/databases/XCAT/binraws/260612/260612_1_muscle.raw,768,260612,
,musc201,skeletal_muscle,skeletal_muscle,musculoskeletal,skeletal_muscle,unspecified,muscle,unspecified,201,static,09_Musculoskeletal/Skeletal_Muscle,manual,ai_review:numeric_muscle_from_muscle_file,,corrected,high,musc#### shorthand in muscle.raw should remain skeletal muscle; prior report routed many to skeleton by numeric/pattern collision.,/Users/aghorban/code/databases/XCAT/binraws/260612/260612_1_muscle.raw,769,260612,
,musc559,skeletal_muscle,skeletal_muscle,musculoskeletal,skeletal_muscle,unspecified,muscle,unspecified,559,static,09_Musculoskeletal/Skeletal_Muscle,manual,ai_review:numeric_muscle_from_muscle_file,,corrected,high,musc#### shorthand in muscle.raw should remain skeletal muscle; prior report routed many to skeleton by numeric/pattern collision.,/Users/aghorban/code/databases/XCAT/binraws/260612/260612_1_muscle.raw,770,260612,
,rfoot_musc,foot_muscle,foot_muscle,musculoskeletal,skeletal_muscle/lower_limb,lower_limb,muscle,right,,static,09_Musculoskeletal/Skeletal_Muscle/Lower_Limb,manual,ai_review:foot_muscle_from_muscle_file,,corrected,high,"Foot muscle label from muscle.raw should be skeletal muscle, not integumentary skin.",/Users/aghorban/code/databases/XCAT/binraws/260612/260612_1_muscle.raw,771,260612,
,musc204,skeletal_muscle,skeletal_muscle,musculoskeletal,skeletal_muscle,unspecified,muscle,unspecified,204,static,09_Musculoskeletal/Skeletal_Muscle,manual,ai_review:numeric_muscle_from_muscle_file,,corrected,high,musc#### shorthand in muscle.raw should remain skeletal muscle; prior report routed many to skeleton by numeric/pattern collision.,/Users/aghorban/code/databases/XCAT/binraws/260612/260612_1_muscle.raw,772,260612,
,musc217,skeletal_muscle,skeletal_muscle,musculoskeletal,skeletal_muscle,unspecified,muscle,unspecified,217,static,09_Musculoskeletal/Skeletal_Muscle,manual,ai_review:numeric_muscle_from_muscle_file,,corrected,high,musc#### shorthand in muscle.raw should remain skeletal muscle; prior report routed many to skeleton by numeric/pattern collision.,/Users/aghorban/code/databases/XCAT/binraws/260612/260612_1_muscle.raw,773,260612,
,musc301,skeletal_muscle,skeletal_muscle,musculoskeletal,skeletal_muscle,unspecified,muscle,unspecified,301,static,09_Musculoskeletal/Skeletal_Muscle,manual,ai_review:numeric_muscle_from_muscle_file,,corrected,high,musc#### shorthand in muscle.raw should remain skeletal muscle; prior report routed many to skeleton by numeric/pattern collision.,/Users/aghorban/code/databases/XCAT/binraws/260612/260612_1_muscle.raw,774,260612,
,musc302,skeletal_muscle,skeletal_muscle,musculoskeletal,skeletal_muscle,unspecified,muscle,unspecified,302,static,09_Musculoskeletal/Skeletal_Muscle,manual,ai_review:numeric_muscle_from_muscle_file,,corrected,high,musc#### shorthand in muscle.raw should remain skeletal muscle; prior report routed many to skeleton by numeric/pattern collision.,/Users/aghorban/code/databases/XCAT/binraws/260612/260612_1_muscle.raw,775,260612,
,musc305,skeletal_muscle,skeletal_muscle,musculoskeletal,skeletal_muscle,unspecified,muscle,unspecified,305,static,09_Musculoskeletal/Skeletal_Muscle,manual,ai_review:numeric_muscle_from_muscle_file,,corrected,high,musc#### shorthand in muscle.raw should remain skeletal muscle; prior report routed many to skeleton by numeric/pattern collision.,/Users/aghorban/code/databases/XCAT/binraws/260612/260612_1_muscle.raw,776,260612,
,musc306,skeletal_muscle,skeletal_muscle,musculoskeletal,skeletal_muscle,unspecified,muscle,unspecified,306,static,09_Musculoskeletal/Skeletal_Muscle,manual,ai_review:numeric_muscle_from_muscle_file,,corrected,high,musc#### shorthand in muscle.raw should remain skeletal muscle; prior report routed many to skeleton by numeric/pattern collision.,/Users/aghorban/code/databases/XCAT/binraws/260612/260612_1_muscle.raw,777,260612,
,musc307,skeletal_muscle,skeletal_muscle,musculoskeletal,skeletal_muscle,unspecified,muscle,unspecified,307,static,09_Musculoskeletal/Skeletal_Muscle,manual,ai_review:numeric_muscle_from_muscle_file,,corrected,high,musc#### shorthand in muscle.raw should remain skeletal muscle; prior report routed many to skeleton by numeric/pattern collision.,/Users/aghorban/code/databases/XCAT/binraws/260612/260612_1_muscle.raw,778,260612,
,musc312,skeletal_muscle,skeletal_muscle,musculoskeletal,skeletal_muscle,unspecified,muscle,unspecified,312,static,09_Musculoskeletal/Skeletal_Muscle,manual,ai_review:numeric_muscle_from_muscle_file,,corrected,high,musc#### shorthand in muscle.raw should remain skeletal muscle; prior report routed many to skeleton by numeric/pattern collision.,/Users/aghorban/code/databases/XCAT/binraws/260612/260612_1_muscle.raw,779,260612,
,musc313,skeletal_muscle,skeletal_muscle,musculoskeletal,skeletal_muscle,unspecified,muscle,unspecified,313,static,09_Musculoskeletal/Skeletal_Muscle,manual,ai_review:numeric_muscle_from_muscle_file,,corrected,high,musc#### shorthand in muscle.raw should remain skeletal muscle; prior report routed many to skeleton by numeric/pattern collision.,/Users/aghorban/code/databases/XCAT/binraws/260612/260612_1_muscle.raw,780,260612,
,musc314,skeletal_muscle,skeletal_muscle,musculoskeletal,skeletal_muscle,unspecified,muscle,unspecified,314,static,09_Musculoskeletal/Skeletal_Muscle,manual,ai_review:numeric_muscle_from_muscle_file,,corrected,high,musc#### shorthand in muscle.raw should remain skeletal muscle; prior report routed many to skeleton by numeric/pattern collision.,/Users/aghorban/code/databases/XCAT/binraws/260612/260612_1_muscle.raw,781,260612,
,musc315,skeletal_muscle,skeletal_muscle,musculoskeletal,skeletal_muscle,unspecified,muscle,unspecified,315,static,09_Musculoskeletal/Skeletal_Muscle,manual,ai_review:numeric_muscle_from_muscle_file,,corrected,high,musc#### shorthand in muscle.raw should remain skeletal muscle; prior report routed many to skeleton by numeric/pattern collision.,/Users/aghorban/code/databases/XCAT/binraws/260612/260612_1_muscle.raw,782,260612,
,musc316,skeletal_muscle,skeletal_muscle,musculoskeletal,skeletal_muscle,unspecified,muscle,unspecified,316,static,09_Musculoskeletal/Skeletal_Muscle,manual,ai_review:numeric_muscle_from_muscle_file,,corrected,high,musc#### shorthand in muscle.raw should remain skeletal muscle; prior report routed many to skeleton by numeric/pattern collision.,/Users/aghorban/code/databases/XCAT/binraws/260612/260612_1_muscle.raw,783,260612,
,musc317,skeletal_muscle,skeletal_muscle,musculoskeletal,skeletal_muscle,unspecified,muscle,unspecified,317,static,09_Musculoskeletal/Skeletal_Muscle,manual,ai_review:numeric_muscle_from_muscle_file,,corrected,high,musc#### shorthand in muscle.raw should remain skeletal muscle; prior report routed many to skeleton by numeric/pattern collision.,/Users/aghorban/code/databases/XCAT/binraws/260612/260612_1_muscle.raw,784,260612,
,musc318,skeletal_muscle,skeletal_muscle,musculoskeletal,skeletal_muscle,unspecified,muscle,unspecified,318,static,09_Musculoskeletal/Skeletal_Muscle,manual,ai_review:numeric_muscle_from_muscle_file,,corrected,high,musc#### shorthand in muscle.raw should remain skeletal muscle; prior report routed many to skeleton by numeric/pattern collision.,/Users/aghorban/code/databases/XCAT/binraws/260612/260612_1_muscle.raw,785,260612,
,musc319,skeletal_muscle,skeletal_muscle,musculoskeletal,skeletal_muscle,unspecified,muscle,unspecified,319,static,09_Musculoskeletal/Skeletal_Muscle,manual,ai_review:numeric_muscle_from_muscle_file,,corrected,high,musc#### shorthand in muscle.raw should remain skeletal muscle; prior report routed many to skeleton by numeric/pattern collision.,/Users/aghorban/code/databases/XCAT/binraws/260612/260612_1_muscle.raw,786,260612,
,musc320,skeletal_muscle,skeletal_muscle,musculoskeletal,skeletal_muscle,unspecified,muscle,unspecified,320,static,09_Musculoskeletal/Skeletal_Muscle,manual,ai_review:numeric_muscle_from_muscle_file,,corrected,high,musc#### shorthand in muscle.raw should remain skeletal muscle; prior report routed many to skeleton by numeric/pattern collision.,/Users/aghorban/code/databases/XCAT/binraws/260612/260612_1_muscle.raw,787,260612,
,musc321,skeletal_muscle,skeletal_muscle,musculoskeletal,skeletal_muscle,unspecified,muscle,unspecified,321,static,09_Musculoskeletal/Skeletal_Muscle,manual,ai_review:numeric_muscle_from_muscle_file,,corrected,high,musc#### shorthand in muscle.raw should remain skeletal muscle; prior report routed many to skeleton by numeric/pattern collision.,/Users/aghorban/code/databases/XCAT/binraws/260612/260612_1_muscle.raw,788,260612,
,musc322,skeletal_muscle,skeletal_muscle,musculoskeletal,skeletal_muscle,unspecified,muscle,unspecified,322,static,09_Musculoskeletal/Skeletal_Muscle,manual,ai_review:numeric_muscle_from_muscle_file,,corrected,high,musc#### shorthand in muscle.raw should remain skeletal muscle; prior report routed many to skeleton by numeric/pattern collision.,/Users/aghorban/code/databases/XCAT/binraws/260612/260612_1_muscle.raw,789,260612,
,musc338,skeletal_muscle,skeletal_muscle,musculoskeletal,skeletal_muscle,unspecified,muscle,unspecified,338,static,09_Musculoskeletal/Skeletal_Muscle,manual,ai_review:numeric_muscle_from_muscle_file,,corrected,high,musc#### shorthand in muscle.raw should remain skeletal muscle; prior report routed many to skeleton by numeric/pattern collision.,/Users/aghorban/code/databases/XCAT/binraws/260612/260612_1_muscle.raw,790,260612,
,musc340,skeletal_muscle,skeletal_muscle,musculoskeletal,skeletal_muscle,unspecified,muscle,unspecified,340,static,09_Musculoskeletal/Skeletal_Muscle,manual,ai_review:numeric_muscle_from_muscle_file,,corrected,high,musc#### shorthand in muscle.raw should remain skeletal muscle; prior report routed many to skeleton by numeric/pattern collision.,/Users/aghorban/code/databases/XCAT/binraws/260612/260612_1_muscle.raw,791,260612,
,musc341,skeletal_muscle,skeletal_muscle,musculoskeletal,skeletal_muscle,unspecified,muscle,unspecified,341,static,09_Musculoskeletal/Skeletal_Muscle,manual,ai_review:numeric_muscle_from_muscle_file,,corrected,high,musc#### shorthand in muscle.raw should remain skeletal muscle; prior report routed many to skeleton by numeric/pattern collision.,/Users/aghorban/code/databases/XCAT/binraws/260612/260612_1_muscle.raw,792,260612,
,musc343,skeletal_muscle,skeletal_muscle,musculoskeletal,skeletal_muscle,unspecified,muscle,unspecified,343,static,09_Musculoskeletal/Skeletal_Muscle,manual,ai_review:numeric_muscle_from_muscle_file,,corrected,high,musc#### shorthand in muscle.raw should remain skeletal muscle; prior report routed many to skeleton by numeric/pattern collision.,/Users/aghorban/code/databases/XCAT/binraws/260612/260612_1_muscle.raw,793,260612,
,musc344,skeletal_muscle,skeletal_muscle,musculoskeletal,skeletal_muscle,unspecified,muscle,unspecified,344,static,09_Musculoskeletal/Skeletal_Muscle,manual,ai_review:numeric_muscle_from_muscle_file,,corrected,high,musc#### shorthand in muscle.raw should remain skeletal muscle; prior report routed many to skeleton by numeric/pattern collision.,/Users/aghorban/code/databases/XCAT/binraws/260612/260612_1_muscle.raw,794,260612,
,musc354,skeletal_muscle,skeletal_muscle,musculoskeletal,skeletal_muscle,unspecified,muscle,unspecified,354,static,09_Musculoskeletal/Skeletal_Muscle,manual,ai_review:numeric_muscle_from_muscle_file,,corrected,high,musc#### shorthand in muscle.raw should remain skeletal muscle; prior report routed many to skeleton by numeric/pattern collision.,/Users/aghorban/code/databases/XCAT/binraws/260612/260612_1_muscle.raw,795,260612,
,musc355,skeletal_muscle,skeletal_muscle,musculoskeletal,skeletal_muscle,unspecified,muscle,unspecified,355,static,09_Musculoskeletal/Skeletal_Muscle,manual,ai_review:numeric_muscle_from_muscle_file,,corrected,high,musc#### shorthand in muscle.raw should remain skeletal muscle; prior report routed many to skeleton by numeric/pattern collision.,/Users/aghorban/code/databases/XCAT/binraws/260612/260612_1_muscle.raw,796,260612,
,musc356,skeletal_muscle,skeletal_muscle,musculoskeletal,skeletal_muscle,unspecified,muscle,unspecified,356,static,09_Musculoskeletal/Skeletal_Muscle,manual,ai_review:numeric_muscle_from_muscle_file,,corrected,high,musc#### shorthand in muscle.raw should remain skeletal muscle; prior report routed many to skeleton by numeric/pattern collision.,/Users/aghorban/code/databases/XCAT/binraws/260612/260612_1_muscle.raw,797,260612,
,musc357,skeletal_muscle,skeletal_muscle,musculoskeletal,skeletal_muscle,unspecified,muscle,unspecified,357,static,09_Musculoskeletal/Skeletal_Muscle,manual,ai_review:numeric_muscle_from_muscle_file,,corrected,high,musc#### shorthand in muscle.raw should remain skeletal muscle; prior report routed many to skeleton by numeric/pattern collision.,/Users/aghorban/code/databases/XCAT/binraws/260612/260612_1_muscle.raw,798,260612,
,musc358,skeletal_muscle,skeletal_muscle,musculoskeletal,skeletal_muscle,unspecified,muscle,unspecified,358,static,09_Musculoskeletal/Skeletal_Muscle,manual,ai_review:numeric_muscle_from_muscle_file,,corrected,high,musc#### shorthand in muscle.raw should remain skeletal muscle; prior report routed many to skeleton by numeric/pattern collision.,/Users/aghorban/code/databases/XCAT/binraws/260612/260612_1_muscle.raw,799,260612,
,musc363,skeletal_muscle,skeletal_muscle,musculoskeletal,skeletal_muscle,unspecified,muscle,unspecified,363,static,09_Musculoskeletal/Skeletal_Muscle,manual,ai_review:numeric_muscle_from_muscle_file,,corrected,high,musc#### shorthand in muscle.raw should remain skeletal muscle; prior report routed many to skeleton by numeric/pattern collision.,/Users/aghorban/code/databases/XCAT/binraws/260612/260612_1_muscle.raw,800,260612,
,musc140,skeletal_muscle,skeletal_muscle,musculoskeletal,skeletal_muscle,unspecified,muscle,unspecified,140,static,09_Musculoskeletal/Skeletal_Muscle,manual,ai_review:numeric_muscle_from_muscle_file,,corrected,high,musc#### shorthand in muscle.raw should remain skeletal muscle; prior report routed many to skeleton by numeric/pattern collision.,/Users/aghorban/code/databases/XCAT/binraws/260612/260612_1_muscle.raw,801,260612,
,musc212,skeletal_muscle,skeletal_muscle,musculoskeletal,skeletal_muscle,unspecified,muscle,unspecified,212,static,09_Musculoskeletal/Skeletal_Muscle,manual,ai_review:numeric_muscle_from_muscle_file,,corrected,high,musc#### shorthand in muscle.raw should remain skeletal muscle; prior report routed many to skeleton by numeric/pattern collision.,/Users/aghorban/code/databases/XCAT/binraws/260612/260612_1_muscle.raw,802,260612,
,musc213,skeletal_muscle,skeletal_muscle,musculoskeletal,skeletal_muscle,unspecified,muscle,unspecified,213,static,09_Musculoskeletal/Skeletal_Muscle,manual,ai_review:numeric_muscle_from_muscle_file,,corrected,high,musc#### shorthand in muscle.raw should remain skeletal muscle; prior report routed many to skeleton by numeric/pattern collision.,/Users/aghorban/code/databases/XCAT/binraws/260612/260612_1_muscle.raw,803,260612,
,musc221,skeletal_muscle,skeletal_muscle,musculoskeletal,skeletal_muscle,unspecified,muscle,unspecified,221,static,09_Musculoskeletal/Skeletal_Muscle,manual,ai_review:numeric_muscle_from_muscle_file,,corrected,high,musc#### shorthand in muscle.raw should remain skeletal muscle; prior report routed many to skeleton by numeric/pattern collision.,/Users/aghorban/code/databases/XCAT/binraws/260612/260612_1_muscle.raw,804,260612,
,musc220,skeletal_muscle,skeletal_muscle,musculoskeletal,skeletal_muscle,unspecified,muscle,unspecified,220,static,09_Musculoskeletal/Skeletal_Muscle,manual,ai_review:numeric_muscle_from_muscle_file,,corrected,high,musc#### shorthand in muscle.raw should remain skeletal muscle; prior report routed many to skeleton by numeric/pattern collision.,/Users/aghorban/code/databases/XCAT/binraws/260612/260612_1_muscle.raw,805,260612,
,musc304,skeletal_muscle,skeletal_muscle,musculoskeletal,skeletal_muscle,unspecified,muscle,unspecified,304,static,09_Musculoskeletal/Skeletal_Muscle,manual,ai_review:numeric_muscle_from_muscle_file,,corrected,high,musc#### shorthand in muscle.raw should remain skeletal muscle; prior report routed many to skeleton by numeric/pattern collision.,/Users/aghorban/code/databases/XCAT/binraws/260612/260612_1_muscle.raw,806,260612,
,musc231,skeletal_muscle,skeletal_muscle,musculoskeletal,skeletal_muscle,unspecified,muscle,unspecified,231,static,09_Musculoskeletal/Skeletal_Muscle,manual,ai_review:numeric_muscle_from_muscle_file,,corrected,high,musc#### shorthand in muscle.raw should remain skeletal muscle; prior report routed many to skeleton by numeric/pattern collision.,/Users/aghorban/code/databases/XCAT/binraws/260612/260612_1_muscle.raw,807,260612,
,musc339,skeletal_muscle,skeletal_muscle,musculoskeletal,skeletal_muscle,unspecified,muscle,unspecified,339,static,09_Musculoskeletal/Skeletal_Muscle,manual,ai_review:numeric_muscle_from_muscle_file,,corrected,high,musc#### shorthand in muscle.raw should remain skeletal muscle; prior report routed many to skeleton by numeric/pattern collision.,/Users/aghorban/code/databases/XCAT/binraws/260612/260612_1_muscle.raw,808,260612,
,musc210,skeletal_muscle,skeletal_muscle,musculoskeletal,skeletal_muscle,unspecified,muscle,unspecified,210,static,09_Musculoskeletal/Skeletal_Muscle,manual,ai_review:numeric_muscle_from_muscle_file,,corrected,high,musc#### shorthand in muscle.raw should remain skeletal muscle; prior report routed many to skeleton by numeric/pattern collision.,/Users/aghorban/code/databases/XCAT/binraws/260612/260612_1_muscle.raw,809,260612,
,musc211,skeletal_muscle,skeletal_muscle,musculoskeletal,skeletal_muscle,unspecified,muscle,unspecified,211,static,09_Musculoskeletal/Skeletal_Muscle,manual,ai_review:numeric_muscle_from_muscle_file,,corrected,high,musc#### shorthand in muscle.raw should remain skeletal muscle; prior report routed many to skeleton by numeric/pattern collision.,/Users/aghorban/code/databases/XCAT/binraws/260612/260612_1_muscle.raw,810,260612,
,musc215,skeletal_muscle,skeletal_muscle,musculoskeletal,skeletal_muscle,unspecified,muscle,unspecified,215,static,09_Musculoskeletal/Skeletal_Muscle,manual,ai_review:numeric_muscle_from_muscle_file,,corrected,high,musc#### shorthand in muscle.raw should remain skeletal muscle; prior report routed many to skeleton by numeric/pattern collision.,/Users/aghorban/code/databases/XCAT/binraws/260612/260612_1_muscle.raw,811,260612,
,musc218,skeletal_muscle,skeletal_muscle,musculoskeletal,skeletal_muscle,unspecified,muscle,unspecified,218,static,09_Musculoskeletal/Skeletal_Muscle,manual,ai_review:numeric_muscle_from_muscle_file,,corrected,high,musc#### shorthand in muscle.raw should remain skeletal muscle; prior report routed many to skeleton by numeric/pattern collision.,/Users/aghorban/code/databases/XCAT/binraws/260612/260612_1_muscle.raw,812,260612,
,lmusc336,skeletal_muscle,skeletal_muscle,musculoskeletal,skeletal_muscle,unspecified,muscle,left,336,static,09_Musculoskeletal/Skeletal_Muscle,manual,ai_review:numeric_muscle_from_muscle_file,,corrected,high,musc#### shorthand in muscle.raw should remain skeletal muscle; prior report routed many to skeleton by numeric/pattern collision.,/Users/aghorban/code/databases/XCAT/binraws/260612/260612_1_muscle.raw,813,260612,
,lmusc1663,skeletal_muscle,skeletal_muscle,musculoskeletal,skeletal_muscle,unspecified,muscle,left,1663,static,09_Musculoskeletal/Skeletal_Muscle,manual,ai_review:numeric_muscle_from_muscle_file,,corrected,high,musc#### shorthand in muscle.raw should remain skeletal muscle; prior report routed many to skeleton by numeric/pattern collision.,/Users/aghorban/code/databases/XCAT/binraws/260612/260612_1_muscle.raw,814,260612,
,lfoot_musc,foot_muscle,foot_muscle,musculoskeletal,skeletal_muscle/lower_limb,lower_limb,muscle,left,,static,09_Musculoskeletal/Skeletal_Muscle/Lower_Limb,manual,ai_review:foot_muscle_from_muscle_file,,corrected,high,"Foot muscle label from muscle.raw should be skeletal muscle, not integumentary skin.",/Users/aghorban/code/databases/XCAT/binraws/260612/260612_1_muscle.raw,815,260612,
,musc219,skeletal_muscle,skeletal_muscle,musculoskeletal,skeletal_muscle,unspecified,muscle,unspecified,219,static,09_Musculoskeletal/Skeletal_Muscle,manual,ai_review:numeric_muscle_from_muscle_file,,corrected,high,musc#### shorthand in muscle.raw should remain skeletal muscle; prior report routed many to skeleton by numeric/pattern collision.,/Users/aghorban/code/databases/XCAT/binraws/260612/260612_1_muscle.raw,821,260612,
,Temporal_left,temporal_lobe,temporal_lobe,nervous,brain,head_and_neck,organ,left,,static,02_Nervous/Brain,manual,ai_review:temporal_cortical_region,,corrected,high,"Temporal cortical/temporal-lobe label should be nervous/brain, not unclassified or hand-digit musculoskeletal.",/Users/aghorban/code/databases/XCAT/binraws/260612/260612_1_organs.raw,841,260612,
,Temporal_right,temporal_lobe,temporal_lobe,nervous,brain,head_and_neck,organ,right,,static,02_Nervous/Brain,manual,ai_review:temporal_cortical_region,,corrected,high,"Temporal cortical/temporal-lobe label should be nervous/brain, not unclassified or hand-digit musculoskeletal.",/Users/aghorban/code/databases/XCAT/binraws/260612/260612_1_organs.raw,842,260612,
,Temporal_lobe_left,temporal_lobe,temporal_lobe,nervous,brain,head_and_neck,organ,left,,static,02_Nervous/Brain,manual,ai_review:temporal_cortical_region,,corrected,high,"Temporal cortical/temporal-lobe label should be nervous/brain, not unclassified or hand-digit musculoskeletal.",/Users/aghorban/code/databases/XCAT/binraws/260612/260612_1_organs.raw,849,260612,
,Temporal_lobe_right,temporal_lobe,temporal_lobe,nervous,brain,head_and_neck,organ,right,,static,02_Nervous/Brain,manual,ai_review:temporal_cortical_region,,corrected,high,"Temporal cortical/temporal-lobe label should be nervous/brain, not unclassified or hand-digit musculoskeletal.",/Users/aghorban/code/databases/XCAT/binraws/260612/260612_1_organs.raw,850,260612,
,temporal_polar_left,temporal_pole,temporal_pole,nervous,brain,head_and_neck,organ,left,,static,02_Nervous/Brain,manual,ai_review:temporal_cortical_region,,corrected,high,"Temporal cortical/temporal-lobe label should be nervous/brain, not unclassified or hand-digit musculoskeletal.",/Users/aghorban/code/databases/XCAT/binraws/260612/260612_1_organs.raw,947,260612,
,temporal_polar_right,temporal_pole,temporal_pole,nervous,brain,head_and_neck,organ,right,,static,02_Nervous/Brain,manual,ai_review:temporal_cortical_region,,corrected,high,"Temporal cortical/temporal-lobe label should be nervous/brain, not unclassified or hand-digit musculoskeletal.",/Users/aghorban/code/databases/XCAT/binraws/260612/260612_1_organs.raw,948,260612,
,anterior_temporal_left,anterior_temporal_lobe,anterior_temporal_lobe,nervous,brain,head_and_neck,organ,left,,static,02_Nervous/Brain,manual,ai_review:temporal_cortical_region,,corrected,high,"Temporal cortical/temporal-lobe label should be nervous/brain, not unclassified or hand-digit musculoskeletal.",/Users/aghorban/code/databases/XCAT/binraws/260612/260612_1_organs.raw,966,260612,
,anterior_temporal_right,anterior_temporal_lobe,anterior_temporal_lobe,nervous,brain,head_and_neck,organ,right,,static,02_Nervous/Brain,manual,ai_review:temporal_cortical_region,,corrected,high,"Temporal cortical/temporal-lobe label should be nervous/brain, not unclassified or hand-digit musculoskeletal.",/Users/aghorban/code/databases/XCAT/binraws/260612/260612_1_organs.raw,971,260612,
,middle_temporal_left,middle_temporal_gyrus,middle_temporal_gyrus,nervous,brain,head_and_neck,organ,left,,static,02_Nervous/Brain,manual,ai_review:temporal_cortical_region,,corrected,high,"Temporal cortical/temporal-lobe label should be nervous/brain, not unclassified or hand-digit musculoskeletal.",/Users/aghorban/code/databases/XCAT/binraws/260612/260612_1_organs.raw,973,260612,
,middle_temporal_right,middle_temporal_gyrus,middle_temporal_gyrus,nervous,brain,head_and_neck,organ,right,,static,02_Nervous/Brain,manual,ai_review:temporal_cortical_region,,corrected,high,"Temporal cortical/temporal-lobe label should be nervous/brain, not unclassified or hand-digit musculoskeletal.",/Users/aghorban/code/databases/XCAT/binraws/260612/260612_1_organs.raw,974,260612,
,posterior_temporal_left,posterior_temporal_lobe,posterior_temporal_lobe,nervous,brain,head_and_neck,organ,left,,static,02_Nervous/Brain,manual,ai_review:temporal_cortical_region,,corrected,high,"Temporal cortical/temporal-lobe label should be nervous/brain, not unclassified or hand-digit musculoskeletal.",/Users/aghorban/code/databases/XCAT/binraws/260612/260612_1_organs.raw,975,260612,
,posterior_temporal_right,posterior_temporal_lobe,posterior_temporal_lobe,nervous,brain,head_and_neck,organ,right,,static,02_Nervous/Brain,manual,ai_review:temporal_cortical_region,,corrected,high,"Temporal cortical/temporal-lobe label should be nervous/brain, not unclassified or hand-digit musculoskeletal.",/Users/aghorban/code/databases/XCAT/binraws/260612/260612_1_organs.raw,976,260612,
,central_veins,central_veins,central_veins,cardiovascular,cerebrovascular/veins_and_dural_sinuses,head_and_neck,vein,unspecified,,static,01_Cardiovascular/Cerebrovascular/Veins_and_Dural_Sinuses,manual,ai_review:cerebrovascular_superficial_veins,,corrected,high,Central veins are in the intracranial vessel cluster and should be cerebrovascular veins.,/Users/aghorban/code/databases/XCAT/binraws/260612/260612_1_organs.raw,991,260612,
,parietal_superficial_veins,parietal_superficial_veins,parietal_superficial_veins,cardiovascular,cerebrovascular/veins_and_dural_sinuses,head_and_neck,vein,unspecified,,static,01_Cardiovascular/Cerebrovascular/Veins_and_Dural_Sinuses,manual,ai_review:cerebrovascular_superficial_veins,,corrected,high,"Parietal superficial veins should be cerebrovascular veins, not brain parenchyma.",/Users/aghorban/code/databases/XCAT/binraws/260612/260612_1_organs.raw,1003,260612,
,septal_vein_left,septal_vein,septal_vein,cardiovascular,cerebrovascular/veins_and_dural_sinuses,head_and_neck,vein,left,,static,01_Cardiovascular/Cerebrovascular/Veins_and_Dural_Sinuses,manual,ai_review:cerebrovascular_septal_veins,,corrected,high,"Septal veins in the brain vessel cluster should be cerebrovascular veins, not generic systemic veins.",/Users/aghorban/code/databases/XCAT/binraws/260612/260612_1_organs.raw,1015,260612,
,septal_vein_right,septal_vein,septal_vein,cardiovascular,cerebrovascular/veins_and_dural_sinuses,head_and_neck,vein,right,,static,01_Cardiovascular/Cerebrovascular/Veins_and_Dural_Sinuses,manual,ai_review:cerebrovascular_septal_veins,,corrected,high,"Septal veins in the brain vessel cluster should be cerebrovascular veins, not generic systemic veins.",/Users/aghorban/code/databases/XCAT/binraws/260612/260612_1_organs.raw,1016,260612,
,precentral_veins,precentral_veins,precentral_veins,cardiovascular,cerebrovascular/veins_and_dural_sinuses,head_and_neck,vein,unspecified,,static,01_Cardiovascular/Cerebrovascular/Veins_and_Dural_Sinuses,manual,ai_review:cerebrovascular_superficial_veins,,corrected,high,"Precentral veins should be cerebrovascular veins, not generic systemic veins.",/Users/aghorban/code/databases/XCAT/binraws/260612/260612_1_organs.raw,1019,260612,
,thyrohyoid_membrane,thyrohyoid_membrane,thyrohyoid_membrane,respiratory,upper_airway/larynx,head_and_neck,ligament,unspecified,,static,03_Respiratory/Upper_Airway/Larynx,manual,ai_review:laryngeal_thyrohyoid_membrane,,corrected,high,"Thyrohyoid membrane is a laryngeal membrane/ligament, not hyoid bone.",/Users/aghorban/code/databases/XCAT/binraws/260612/260612_1_organs.raw,1047,260612,
,thyroid_cart,thyroid_cartilage,thyroid_cartilage,respiratory,upper_airway/larynx,head_and_neck,cartilage,unspecified,,static,03_Respiratory/Upper_Airway/Larynx,manual,ai_review:laryngeal_thyroid_cartilage,,corrected,high,"Thyroid cartilage is a laryngeal cartilage, not thyroid endocrine gland.",/Users/aghorban/code/databases/XCAT/binraws/260612/260612_1_organs.raw,1050,260612,
,cuneiform_cart,cuneiform_cartilage,cuneiform_cartilage,respiratory,upper_airway/larynx,head_and_neck,cartilage,unspecified,,static,03_Respiratory/Upper_Airway/Larynx,manual,ai_review:laryngeal_cuneiform_cartilage,,corrected,high,Cuneiform cartilage in this laryngeal-cartilage cluster should not be classified as lower-limb bone.,/Users/aghorban/code/databases/XCAT/binraws/260612/260612_1_organs.raw,1053,260612,
,urethra,urethra,urethra,urinary,urethra,pelvis,duct,unspecified,,static,05_Urinary/Urethra,manual,ai_review:urethra_urinary_duct,,corrected,high,Urethra belongs in the urinary system; current row was unclassified.,/Users/aghorban/code/databases/XCAT/binraws/260612/260612_1_organs.raw,1153,260612,
,pituitary_ant,anterior_pituitary,anterior_pituitary,endocrine,pituitary,head_and_neck,gland,unspecified,,static,07_Endocrine/Pituitary,manual,ai_review:anterior_pituitary,,corrected,high,Anterior pituitary is an endocrine pituitary gland subdivision; current row was unclassified.,/Users/aghorban/code/databases/XCAT/binraws/260612/260612_1_organs.raw,1168,260612,
,pituitary_post,posterior_pituitary,posterior_pituitary,endocrine,pituitary,head_and_neck,gland,unspecified,,static,07_Endocrine/Pituitary,manual,ai_review:posterior_pituitary,,corrected,high,Posterior pituitary is an endocrine pituitary subdivision; current row was unclassified.,/Users/aghorban/code/databases/XCAT/binraws/260612/260612_1_organs.raw,1169,260612,
,tonsils,tonsils,tonsils,lymphatic_immune,tonsils,head_and_neck,organ,unspecified,,static,10_Lymphatic_and_Immune/Tonsils,manual,ai_review:tonsils_lymphatic,,corrected,high,Tonsils are lymphatic/immune organs of the head and neck; current row was unclassified.,/Users/aghorban/code/databases/XCAT/binraws/260612/260612_1_organs.raw,1170,260612,
1354,arteries_lung,internal_thoracic_artery,internal_thoracic_artery,cardiovascular,systemic_arteries,thorax,artery,left,,static,01_Cardiovascular/Systemic_Arteries,manual,ai_review:internal_thoracic_arteries,,corrected,high,First arteries_lung block identified in ParaView as left internal thoracic artery rather than pulmonary artery.,/Users/aghorban/code/databases/XCAT/binraws/260612/260612_1_vessels.raw,1354,260612,
1355,arteries_lung,internal_thoracic_artery,internal_thoracic_artery,cardiovascular,systemic_arteries,thorax,artery,right,,static,01_Cardiovascular/Systemic_Arteries,manual,ai_review:internal_thoracic_arteries,,corrected,high,Second arteries_lung block identified in ParaView as right internal thoracic artery rather than pulmonary artery.,/Users/aghorban/code/databases/XCAT/binraws/260612/260612_1_vessels.raw,1355,260612,
1356,arteries_lung,internal_thoracic_artery,internal_thoracic_artery,cardiovascular,systemic_arteries,thorax,artery,left,,static,01_Cardiovascular/Systemic_Arteries,manual,ai_review:internal_thoracic_arteries,,corrected,high,First arteries_lung block identified in ParaView as left internal thoracic artery rather than pulmonary artery.,/Users/aghorban/code/databases/XCAT/binraws/260602/260602_1_vessels.raw,1356,260602,
1357,arteries_lung,internal_thoracic_artery,internal_thoracic_artery,cardiovascular,systemic_arteries,thorax,artery,right,,static,01_Cardiovascular/Systemic_Arteries,manual,ai_review:internal_thoracic_arteries,,corrected,high,Second arteries_lung block identified in ParaView as right internal thoracic artery rather than pulmonary artery.,/Users/aghorban/code/databases/XCAT/binraws/260602/260602_1_vessels.raw,1357,260602,
,arteries_rleg,lower_limb_arteries,lower_limb_arteries,cardiovascular,systemic_arteries,lower_limb,artery,right,,static,01_Cardiovascular/Systemic_Arteries,manual,ai_review:lower_limb_arteries,,corrected,high,Lower-limb artery labels were routed to lower-limb muscle by pattern collision.,/Users/aghorban/code/databases/XCAT/binraws/260612/260612_1_vessels.raw,1363,260612,
,arteries_lleg,lower_limb_arteries,lower_limb_arteries,cardiovascular,systemic_arteries,lower_limb,artery,left,,static,01_Cardiovascular/Systemic_Arteries,manual,ai_review:lower_limb_arteries,,corrected,high,Lower-limb artery labels were routed to lower-limb muscle by pattern collision.,/Users/aghorban/code/databases/XCAT/binraws/260612/260612_1_vessels.raw,1395,260612,
,arteries_rarm,upper_limb_arteries,upper_limb_arteries,cardiovascular,systemic_arteries,upper_limb,artery,right,,static,01_Cardiovascular/Systemic_Arteries,manual,ai_review:upper_limb_arteries_metadata,,corrected,high,Upper-limb artery label was cardiovascular already but lacked limb region/laterality.,/Users/aghorban/code/databases/XCAT/binraws/260612/260612_1_vessels.raw,1427,260612,
,arteries_larm,upper_limb_arteries,upper_limb_arteries,cardiovascular,systemic_arteries,upper_limb,artery,left,,static,01_Cardiovascular/Systemic_Arteries,manual,ai_review:upper_limb_arteries_metadata,,corrected,high,Upper-limb artery label was cardiovascular already but lacked limb region/laterality.,/Users/aghorban/code/databases/XCAT/binraws/260612/260612_1_vessels.raw,1441,260612,
,rkidney_arteries,renal_arteries,renal_arteries,cardiovascular,systemic_arteries,abdomen,artery,right,,static,01_Cardiovascular/Systemic_Arteries,manual,ai_review:renal_arteries,,corrected,high,Kidney arteries are renal/systemic arteries rather than kidney organ parenchyma.,/Users/aghorban/code/databases/XCAT/binraws/260612/260612_1_vessels.raw,1455,260612,
,lkidney_arteries,renal_arteries,renal_arteries,cardiovascular,systemic_arteries,abdomen,artery,left,,static,01_Cardiovascular/Systemic_Arteries,manual,ai_review:renal_arteries,,corrected,high,Kidney arteries are renal/systemic arteries rather than kidney organ parenchyma.,/Users/aghorban/code/databases/XCAT/binraws/260612/260612_1_vessels.raw,1473,260612,
1927,veins_lung,internal_thoracic_vein,internal_thoracic_vein,cardiovascular,systemic_veins,thorax,vein,left,1,static,01_Cardiovascular/Systemic_Veins,manual,ai_review:internal_thoracic_veins,,corrected,high,veins_lung block identified in ParaView as left internal thoracic vein rather than pulmonary vein.,/Users/aghorban/code/databases/XCAT/binraws/260612/260612_1_vessels.raw,1927,260612,
1928,veins_lung,internal_thoracic_vein,internal_thoracic_vein,cardiovascular,systemic_veins,thorax,vein,left,2,static,01_Cardiovascular/Systemic_Veins,manual,ai_review:internal_thoracic_veins,,corrected,high,Second veins_lung block identified in ParaView as left internal thoracic vein rather than pulmonary vein.,/Users/aghorban/code/databases/XCAT/binraws/260612/260612_1_vessels.raw,1928,260612,
1929,veins_lung,internal_thoracic_vein,internal_thoracic_vein,cardiovascular,systemic_veins,thorax,vein,left,1,static,01_Cardiovascular/Systemic_Veins,manual,ai_review:internal_thoracic_veins,,corrected,high,veins_lung block identified in ParaView as left internal thoracic vein rather than pulmonary vein.,/Users/aghorban/code/databases/XCAT/binraws/260602/260602_1_vessels.raw,1929,260602,
1930,veins_lung,internal_thoracic_vein,internal_thoracic_vein,cardiovascular,systemic_veins,thorax,vein,left,2,static,01_Cardiovascular/Systemic_Veins,manual,ai_review:internal_thoracic_veins,,corrected,high,Second veins_lung block identified in ParaView as left internal thoracic vein rather than pulmonary vein.,/Users/aghorban/code/databases/XCAT/binraws/260602/260602_1_vessels.raw,1930,260602,
,veins_rleg,lower_limb_veins,lower_limb_veins,cardiovascular,systemic_veins,lower_limb,vein,right,,static,01_Cardiovascular/Systemic_Veins,manual,ai_review:lower_limb_veins,,corrected,high,Lower-limb vein labels were routed to lower-limb muscle by pattern collision.,/Users/aghorban/code/databases/XCAT/binraws/260612/260612_1_vessels.raw,1929,260612,
,veins_lleg,lower_limb_veins,lower_limb_veins,cardiovascular,systemic_veins,lower_limb,vein,left,,static,01_Cardiovascular/Systemic_Veins,manual,ai_review:lower_limb_veins,,corrected,high,Lower-limb vein labels were routed to lower-limb muscle by pattern collision.,/Users/aghorban/code/databases/XCAT/binraws/260612/260612_1_vessels.raw,1964,260612,
,veins_rarm,upper_limb_veins,upper_limb_veins,cardiovascular,systemic_veins,upper_limb,vein,right,,static,01_Cardiovascular/Systemic_Veins,manual,ai_review:upper_limb_veins_metadata,,corrected,high,Upper-limb vein label was cardiovascular already but lacked limb region/laterality.,/Users/aghorban/code/databases/XCAT/binraws/260612/260612_1_vessels.raw,1999,260612,
,veins_larm,upper_limb_veins,upper_limb_veins,cardiovascular,systemic_veins,upper_limb,vein,left,,static,01_Cardiovascular/Systemic_Veins,manual,ai_review:upper_limb_veins_metadata,,corrected,high,Upper-limb vein label was cardiovascular already but lacked limb region/laterality.,/Users/aghorban/code/databases/XCAT/binraws/260612/260612_1_vessels.raw,2014,260612,
,liver_veins_hep,hepatic_veins,hepatic_veins,cardiovascular,portal_and_hepatic_venous_system,abdomen,vein,unspecified,,static,01_Cardiovascular/Portal_and_Hepatic_Venous_System,manual,ai_review:hepatic_veins,,corrected,high,"Hepatic liver veins should be cardiovascular portal/hepatic venous vessels, not liver organ.",/Users/aghorban/code/databases/XCAT/binraws/260612/260612_1_vessels.raw,2029,260612,
,liver_veins_sup_port,portal_veins,portal_veins,cardiovascular,portal_and_hepatic_venous_system,abdomen,vein,unspecified,,static,01_Cardiovascular/Portal_and_Hepatic_Venous_System,manual,ai_review:portal_veins,,corrected,high,"Portal liver veins should be cardiovascular portal/hepatic venous vessels, not liver organ.",/Users/aghorban/code/databases/XCAT/binraws/260612/260612_1_vessels.raw,2069,260612,
,liver_veins_port,portal_veins,portal_veins,cardiovascular,portal_and_hepatic_venous_system,abdomen,vein,unspecified,,static,01_Cardiovascular/Portal_and_Hepatic_Venous_System,manual,ai_review:portal_veins,,corrected,high,"Portal liver veins should be cardiovascular portal/hepatic venous vessels, not liver organ.",/Users/aghorban/code/databases/XCAT/binraws/260612/260612_1_vessels.raw,2153,260612,
,splenic_veins,splenic_veins,splenic_veins,cardiovascular,portal_and_hepatic_venous_system,abdomen,vein,unspecified,,static,01_Cardiovascular/Portal_and_Hepatic_Venous_System,manual,ai_review:portal_system_tributary_veins,,corrected,high,"Splenic veins are abdominal portal-system tributaries, not generic systemic veins.",/Users/aghorban/code/databases/XCAT/binraws/260612/260612_1_vessels.raw,2173,260612,
,mesenteric_veins,mesenteric_veins,mesenteric_veins,cardiovascular,portal_and_hepatic_venous_system,abdomen,vein,unspecified,,static,01_Cardiovascular/Portal_and_Hepatic_Venous_System,manual,ai_review:portal_system_tributary_veins,,corrected,high,"Mesenteric veins are abdominal portal-system tributaries, not generic systemic veins.",/Users/aghorban/code/databases/XCAT/binraws/260612/260612_1_vessels.raw,2184,260612,
,rkidney_veins,renal_veins,renal_veins,cardiovascular,systemic_veins,abdomen,vein,right,,static,01_Cardiovascular/Systemic_Veins,manual,ai_review:renal_veins,,corrected,high,Kidney veins are cardiovascular veins rather than kidney organ parenchyma.,/Users/aghorban/code/databases/XCAT/binraws/260612/260612_1_vessels.raw,2188,260612,
,lkidney_veins,renal_veins,renal_veins,cardiovascular,systemic_veins,abdomen,vein,left,,static,01_Cardiovascular/Systemic_Veins,manual,ai_review:renal_veins,,corrected,high,Kidney veins are cardiovascular veins rather than kidney organ parenchyma.,/Users/aghorban/code/databases/XCAT/binraws/260612/260612_1_vessels.raw,2190,260612,
,thumb_l,thumb,thumb,integumentary,skin,upper_limb,skin,left,,static,11_Integumentary/Skin,manual,ai_review:finger_skin,,corrected,high,Left thumb body-surface label is finger skin and should not be routed to upper-limb skeleton.,/Users/aghorban/code/databases/XCAT/binraws/260602/260602_1_body.raw,15,260602,
,middle_l,middle,middle,integumentary,skin,upper_limb,skin,left,,static,11_Integumentary/Skin,manual,ai_review:finger_skin,,corrected,high,Left middle-finger body-surface label is finger skin and should not be routed to upper-limb skeleton.,/Users/aghorban/code/databases/XCAT/binraws/260602/260602_1_body.raw,17,260602,
,ring_l,ring,ring,integumentary,skin,upper_limb,skin,left,,static,11_Integumentary/Skin,manual,ai_review:finger_skin,,corrected,high,Left ring-finger body-surface label is finger skin and should not be routed to upper-limb skeleton.,/Users/aghorban/code/databases/XCAT/binraws/260602/260602_1_body.raw,18,260602,
,pinky_l,pinky,pinky,integumentary,skin,upper_limb,skin,left,,static,11_Integumentary/Skin,manual,ai_review:finger_skin,,corrected,high,Left pinky body-surface label is finger skin and should not be routed to upper-limb skeleton.,/Users/aghorban/code/databases/XCAT/binraws/260602/260602_1_body.raw,19,260602,
,r_renal_pelvis,renal_pelvis,renal_pelvis,urinary,renal_collecting_system,abdomen,duct,right,,static,05_Urinary/Renal_Collecting_System,manual,ai_review:renal_pelvis_collecting_system,,corrected,high,Renal pelvis is part of the urinary renal collecting system and should not be routed to skeletal pelvis.,/Users/aghorban/code/databases/XCAT/binraws/260602/260602_1_organs.raw,1097,260602,
,l_renal_pelvis,renal_pelvis,renal_pelvis,urinary,renal_collecting_system,abdomen,duct,left,,static,05_Urinary/Renal_Collecting_System,manual,ai_review:renal_pelvis_collecting_system,,corrected,high,Renal pelvis is part of the urinary renal collecting system and should not be routed to skeletal pelvis.,/Users/aghorban/code/databases/XCAT/binraws/260602/260602_1_organs.raw,1100,260602,
,vertebral_left,vertebral_artery,vertebral_artery,cardiovascular,cerebrovascular/arteries,head_and_neck,artery,left,,static,01_Cardiovascular/Cerebrovascular/Arteries,manual,ai_review:vertebral_artery,,corrected,high,Vertebral left label in the organ vessel cluster is the left vertebral artery and should not be routed to vertebral column skeleton.,/Users/aghorban/code/databases/XCAT/binraws/260602/260602_1_organs.raw,904,260602,
,vertebral_right,vertebral_artery,vertebral_artery,cardiovascular,cerebrovascular/arteries,head_and_neck,artery,right,,static,01_Cardiovascular/Cerebrovascular/Arteries,manual,ai_review:vertebral_artery,,corrected,high,Vertebral right label in the organ vessel cluster is the right vertebral artery and should not be routed to vertebral column skeleton.,/Users/aghorban/code/databases/XCAT/binraws/260602/260602_1_organs.raw,905,260602,
,musc353,skeletal_muscle,skeletal_muscle,musculoskeletal,skeletal_muscle,unspecified,muscle,unspecified,353,static,09_Musculoskeletal/Skeletal_Muscle,manual,ai_review:numeric_muscle_from_muscle_file,,corrected,high,musc numeric label should remain skeletal muscle; vertebral-column rule collision routed it to skeleton.,/Users/aghorban/code/databases/XCAT/binraws/260602/260602_1_muscle.raw,799,260602,
,musc360,skeletal_muscle,skeletal_muscle,musculoskeletal,skeletal_muscle,unspecified,muscle,unspecified,360,static,09_Musculoskeletal/Skeletal_Muscle,manual,ai_review:numeric_muscle_from_muscle_file,,corrected,high,musc numeric label should remain skeletal muscle; vertebral-column rule collision routed it to skeleton.,/Users/aghorban/code/databases/XCAT/binraws/260602/260602_1_muscle.raw,805,260602,
,musc409,skeletal_muscle,skeletal_muscle,musculoskeletal,skeletal_muscle,unspecified,muscle,unspecified,409,static,09_Musculoskeletal/Skeletal_Muscle,manual,ai_review:numeric_muscle_from_muscle_file,,corrected,high,musc numeric label should remain skeletal muscle; vertebral-column rule collision routed it to skeleton.,/Users/aghorban/code/databases/XCAT/binraws/260602/260602_1_muscle.raw,683,260602,
,musc490,skeletal_muscle,skeletal_muscle,musculoskeletal,skeletal_muscle,unspecified,muscle,unspecified,490,static,09_Musculoskeletal/Skeletal_Muscle,manual,ai_review:numeric_muscle_from_muscle_file,,corrected,high,musc numeric label should remain skeletal muscle; vertebral-column rule collision routed it to skeleton.,/Users/aghorban/code/databases/XCAT/binraws/260602/260602_1_organs.raw,1034,260602,
,musc491,skeletal_muscle,skeletal_muscle,musculoskeletal,skeletal_muscle,unspecified,muscle,unspecified,491,static,09_Musculoskeletal/Skeletal_Muscle,manual,ai_review:numeric_muscle_from_muscle_file,,corrected,high,musc numeric label should remain skeletal muscle; vertebral-column rule collision routed it to skeleton.,/Users/aghorban/code/databases/XCAT/binraws/260602/260602_1_organs.raw,1035,260602,
,musc553,skeletal_muscle,skeletal_muscle,musculoskeletal,skeletal_muscle,unspecified,muscle,unspecified,553,static,09_Musculoskeletal/Skeletal_Muscle,manual,ai_review:numeric_muscle_from_muscle_file,,corrected,high,musc numeric label should remain skeletal muscle; vertebral-column rule collision routed it to skeleton.,/Users/aghorban/code/databases/XCAT/binraws/260602/260602_1_muscle.raw,711,260602,
,musc571,skeletal_muscle,skeletal_muscle,musculoskeletal,skeletal_muscle,unspecified,muscle,unspecified,571,static,09_Musculoskeletal/Skeletal_Muscle,manual,ai_review:numeric_muscle_from_muscle_file,,corrected,high,musc numeric label should remain skeletal muscle; vertebral-column rule collision routed it to skeleton.,/Users/aghorban/code/databases/XCAT/binraws/260602/260602_1_muscle.raw,715,260602,
,musc572,skeletal_muscle,skeletal_muscle,musculoskeletal,skeletal_muscle,unspecified,muscle,unspecified,572,static,09_Musculoskeletal/Skeletal_Muscle,manual,ai_review:numeric_muscle_from_muscle_file,,corrected,high,musc numeric label should remain skeletal muscle; vertebral-column rule collision routed it to skeleton.,/Users/aghorban/code/databases/XCAT/binraws/260602/260602_1_muscle.raw,716,260602,
,leg_left,leg,leg,integumentary,skin,lower_limb,skin,left,,static,11_Integumentary/Skin,manual,ai_review:leg_skin,,corrected,high,Leg body-surface label is lower-limb skin and should not be routed to skeletal muscle.,/Users/aghorban/code/databases/XCAT/binraws/260602/260602_1_body.raw,20,260602,
,leg_right,leg,leg,integumentary,skin,lower_limb,skin,right,,static,11_Integumentary/Skin,manual,ai_review:leg_skin,,corrected,high,Leg body-surface label is lower-limb skin and should not be routed to skeletal muscle.,/Users/aghorban/code/databases/XCAT/binraws/260602/260602_1_body.raw,27,260602,
,r_medulla,renal_medulla,renal_medulla,urinary,kidneys/renal_medulla,abdomen,tissue,right,,static,05_Urinary/Kidneys/Renal_Medulla,manual,ai_review:renal_medulla,,corrected,high,Right medulla labels appear in the kidney/ureter/renal-pelvis cluster and represent renal medulla rather than brainstem medulla.,/Users/aghorban/code/databases/XCAT/binraws/260602/260602_1_organs.raw,1074,260602,
,l_medulla,renal_medulla,renal_medulla,urinary,kidneys/renal_medulla,abdomen,tissue,left,,static,05_Urinary/Kidneys/Renal_Medulla,manual,ai_review:renal_medulla,,corrected,high,Left medulla labels appear in the kidney/ureter/renal-pelvis cluster and represent renal medulla rather than brainstem medulla.,/Users/aghorban/code/databases/XCAT/binraws/260602/260602_1_organs.raw,1084,260602,
,posterior_inferior_cerebellar_right,posterior_inferior_cerebellar_artery,posterior_inferior_cerebellar_artery,cardiovascular,cerebrovascular/arteries,head_and_neck,artery,right,,static,01_Cardiovascular/Cerebrovascular/Arteries,manual,ai_review:cerebellar_arteries,,corrected,high,Posterior inferior cerebellar label is a cerebellar artery in the cerebrovascular circulation and should not be routed to cerebellum tissue.,/Users/aghorban/code/databases/XCAT/binraws/260602/260602_1_organs.raw,906,260602,
,anterior_inferior_cerebellar_left,anterior_inferior_cerebellar_artery,anterior_inferior_cerebellar_artery,cardiovascular,cerebrovascular/arteries,head_and_neck,artery,left,,static,01_Cardiovascular/Cerebrovascular/Arteries,manual,ai_review:cerebellar_arteries,,corrected,high,Anterior inferior cerebellar label is a cerebellar artery in the cerebrovascular circulation and should not be routed to cerebellum tissue.,/Users/aghorban/code/databases/XCAT/binraws/260602/260602_1_organs.raw,907,260602,
,anterior_inferior_cerebellar_right,anterior_inferior_cerebellar_artery,anterior_inferior_cerebellar_artery,cardiovascular,cerebrovascular/arteries,head_and_neck,artery,right,,static,01_Cardiovascular/Cerebrovascular/Arteries,manual,ai_review:cerebellar_arteries,,corrected,high,Anterior inferior cerebellar label is a cerebellar artery in the cerebrovascular circulation and should not be routed to cerebellum tissue.,/Users/aghorban/code/databases/XCAT/binraws/260602/260602_1_organs.raw,908,260602,
,superior_cerebellar_left,superior_cerebellar_artery,superior_cerebellar_artery,cardiovascular,cerebrovascular/arteries,head_and_neck,artery,left,,static,01_Cardiovascular/Cerebrovascular/Arteries,manual,ai_review:cerebellar_arteries,,corrected,high,Superior cerebellar label is a cerebellar artery in the cerebrovascular circulation and should not be routed to cerebellum tissue.,/Users/aghorban/code/databases/XCAT/binraws/260602/260602_1_organs.raw,909,260602,
,superior_cerebellar_right,superior_cerebellar_artery,superior_cerebellar_artery,cardiovascular,cerebrovascular/arteries,head_and_neck,artery,right,,static,01_Cardiovascular/Cerebrovascular/Arteries,manual,ai_review:cerebellar_arteries,,corrected,high,Superior cerebellar label is a cerebellar artery in the cerebrovascular circulation and should not be routed to cerebellum tissue.,/Users/aghorban/code/databases/XCAT/binraws/260602/260602_1_organs.raw,910,260602,
,bladder,bladder,urinary_bladder,urinary,urinary_bladder,pelvis,organ,unspecified,,static,05_Urinary/Urinary_Bladder,manual,ai_review:urinary_bladder,,corrected,high,Bladder is urinary bladder and should not be caught by coronary artery pattern.,/Users/aghorban/code/databases/XCAT/binraws/260602/260602_1_organs.raw,1154,260602,
,gall_bladder,gall_bladder,gall_bladder,digestive,biliary_system,abdomen,organ,unspecified,,static,04_Digestive/Biliary_System,manual,ai_review:gall_bladder_biliary_system,,corrected,high,Gall bladder is a biliary digestive organ and should not be caught by coronary artery pattern.,/Users/aghorban/code/databases/XCAT/binraws/260602/260602_1_organs.raw,1069,260602,
,Lateral_ventricle_left,lateral_ventricle,lateral_ventricle,nervous,ventricular_system,head_and_neck,fluid,left,,static,02_Nervous/Ventricular_System,manual,ai_review:brain_ventricles,,corrected,high,Lateral ventricles are CSF spaces in the brain ventricular system rather than cardiac heart chambers.,/Users/aghorban/code/databases/XCAT/binraws/260602/260602_1_organs.raw,873,260602,
,Lateral_ventricle_right,lateral_ventricle,lateral_ventricle,nervous,ventricular_system,head_and_neck,fluid,right,,static,02_Nervous/Ventricular_System,manual,ai_review:brain_ventricles,,corrected,high,Lateral ventricles are CSF spaces in the brain ventricular system rather than cardiac heart chambers.,/Users/aghorban/code/databases/XCAT/binraws/260602/260602_1_organs.raw,875,260602,
,Third_ventricle,third_ventricle,third_ventricle,nervous,ventricular_system,head_and_neck,fluid,unspecified,,static,02_Nervous/Ventricular_System,manual,ai_review:brain_ventricles,,corrected,high,Third ventricle is a CSF space in the brain ventricular system rather than a heart chamber.,/Users/aghorban/code/databases/XCAT/binraws/260602/260602_1_organs.raw,877,260602,
,Fourth_ventricle,fourth_ventricle,fourth_ventricle,nervous,ventricular_system,head_and_neck,fluid,unspecified,,static,02_Nervous/Ventricular_System,manual,ai_review:brain_ventricles,,corrected,high,Fourth ventricle is a CSF space in the brain ventricular system rather than a heart chamber.,/Users/aghorban/code/databases/XCAT/binraws/260602/260602_1_organs.raw,879,260602,
,diastole_pericardium,diastole_pericardium,pericardium,cardiovascular,heart/pericardium,thorax,heart,,,diastole,01_Cardiovascular/Heart/Pericardium,high,anatomy_hierarchy:diastole_pericardium,,,corrected,high,Mapped diastole_pericardium to explicit heart-and-pericardium subregion,,,,
,dias_pericardium,dias_pericardium,pericardium,cardiovascular,heart/pericardium,thorax,heart,,,diastole,01_Cardiovascular/Heart/Pericardium,high,anatomy_hierarchy:dias_pericardium,,,corrected,high,Mapped dias_pericardium to explicit heart-and-pericardium subregion,,,,
,diastole_aorta,diastole_aorta,aorta,cardiovascular,heart/aorta,thorax,artery,,,diastole,01_Cardiovascular/Heart/Aorta,high,anatomy_hierarchy:diastole_aorta,,,corrected,high,Mapped diastole_aorta to explicit heart-and-pericardium subregion,,,,
,dias_aorta,dias_aorta,aorta,cardiovascular,heart/aorta,thorax,artery,,,diastole,01_Cardiovascular/Heart/Aorta,high,anatomy_hierarchy:dias_aorta,,,corrected,high,Mapped dias_aorta to explicit heart-and-pericardium subregion,,,,
,diastole_inf_vc,diastole_inf_vc,inferior_vena_cava,cardiovascular,heart/inferior_vena_cava,thorax,vein,,,diastole,01_Cardiovascular/Heart/Inferior_Vena_Cava,high,anatomy_hierarchy:diastole_inferior_vena_cava,,,corrected,high,Mapped diastole_inf_vc to explicit heart-and-pericardium subregion,,,,
,dias_inf_vc,dias_inf_vc,inferior_vena_cava,cardiovascular,heart/inferior_vena_cava,thorax,vein,,,diastole,01_Cardiovascular/Heart/Inferior_Vena_Cava,high,anatomy_hierarchy:dias_inferior_vena_cava,,,corrected,high,Mapped dias_inf_vc to explicit heart-and-pericardium subregion,,,,
,diastole_sup_vc,diastole_sup_vc,superior_vena_cava,cardiovascular,heart/superior_vena_cava,thorax,vein,,,diastole,01_Cardiovascular/Heart/Superior_Vena_Cava,high,anatomy_hierarchy:diastole_superior_vena_cava,,,corrected,high,Mapped diastole_sup_vc to explicit heart-and-pericardium subregion,,,,
,dias_sup_vc,dias_sup_vc,superior_vena_cava,cardiovascular,heart/superior_vena_cava,thorax,vein,,,diastole,01_Cardiovascular/Heart/Superior_Vena_Cava,high,anatomy_hierarchy:dias_superior_vena_cava,,,corrected,high,Mapped dias_sup_vc to explicit heart-and-pericardium subregion,,,,
,diastole_lam,diastole_lam,left_atrium_myocardium,cardiovascular,heart/left_atrium,thorax,heart,left,,diastole,01_Cardiovascular/Heart/Left_Atrium,high,anatomy_hierarchy:diastole_left_atrium_myocardium,,,corrected,high,Mapped diastole_lam to explicit heart-and-pericardium subregion,,,,
,dias_lam,dias_lam,left_atrium_myocardium,cardiovascular,heart/left_atrium,thorax,heart,left,,diastole,01_Cardiovascular/Heart/Left_Atrium,high,anatomy_hierarchy:dias_left_atrium_myocardium,,,corrected,high,Mapped dias_lam to explicit heart-and-pericardium subregion,,,,
,diastole_left_atrium,diastole_left_atrium,left_atrium,cardiovascular,heart/left_atrium,thorax,heart,left,,diastole,01_Cardiovascular/Heart/Left_Atrium,high,anatomy_hierarchy:diastole_left_atrium,,,corrected,high,Mapped diastole_left_atrium to explicit heart-and-pericardium subregion,,,,
,dias_left_atrium,dias_left_atrium,left_atrium,cardiovascular,heart/left_atrium,thorax,heart,left,,diastole,01_Cardiovascular/Heart/Left_Atrium,high,anatomy_hierarchy:dias_left_atrium,,,corrected,high,Mapped dias_left_atrium to explicit heart-and-pericardium subregion,,,,
,diastole_left_ventricle_000,diastole_left_ventricle_000,left_ventricle,cardiovascular,heart/left_ventricle,thorax,heart,left,000,diastole,01_Cardiovascular/Heart/Left_Ventricle,high,anatomy_hierarchy:diastole_left_ventricle_fragments,,,corrected,high,Mapped diastole_left_ventricle_000 to explicit heart-and-pericardium subregion,,,,
,dias_lv_0,dias_lv_0,left_ventricle,cardiovascular,heart/left_ventricle,thorax,heart,left,0,diastole,01_Cardiovascular/Heart/Left_Ventricle,high,anatomy_hierarchy:dias_left_ventricle_fragments,,,corrected,high,Mapped dias_lv_0 to explicit heart-and-pericardium subregion,,,,
,diastole_left_ventricle_001,diastole_left_ventricle_001,left_ventricle,cardiovascular,heart/left_ventricle,thorax,heart,left,001,diastole,01_Cardiovascular/Heart/Left_Ventricle,high,anatomy_hierarchy:diastole_left_ventricle_fragments,,,corrected,high,Mapped diastole_left_ventricle_001 to explicit heart-and-pericardium subregion,,,,
,dias_lv_1,dias_lv_1,left_ventricle,cardiovascular,heart/left_ventricle,thorax,heart,left,1,diastole,01_Cardiovascular/Heart/Left_Ventricle,high,anatomy_hierarchy:dias_left_ventricle_fragments,,,corrected,high,Mapped dias_lv_1 to explicit heart-and-pericardium subregion,,,,
,diastole_left_ventricle_002,diastole_left_ventricle_002,left_ventricle,cardiovascular,heart/left_ventricle,thorax,heart,left,002,diastole,01_Cardiovascular/Heart/Left_Ventricle,high,anatomy_hierarchy:diastole_left_ventricle_fragments,,,corrected,high,Mapped diastole_left_ventricle_002 to explicit heart-and-pericardium subregion,,,,
,dias_lv_2,dias_lv_2,left_ventricle,cardiovascular,heart/left_ventricle,thorax,heart,left,2,diastole,01_Cardiovascular/Heart/Left_Ventricle,high,anatomy_hierarchy:dias_left_ventricle_fragments,,,corrected,high,Mapped dias_lv_2 to explicit heart-and-pericardium subregion,,,,
,diastole_left_ventricle_003,diastole_left_ventricle_003,left_ventricle,cardiovascular,heart/left_ventricle,thorax,heart,left,003,diastole,01_Cardiovascular/Heart/Left_Ventricle,high,anatomy_hierarchy:diastole_left_ventricle_fragments,,,corrected,high,Mapped diastole_left_ventricle_003 to explicit heart-and-pericardium subregion,,,,
,dias_lv_3,dias_lv_3,left_ventricle,cardiovascular,heart/left_ventricle,thorax,heart,left,3,diastole,01_Cardiovascular/Heart/Left_Ventricle,high,anatomy_hierarchy:dias_left_ventricle_fragments,,,corrected,high,Mapped dias_lv_3 to explicit heart-and-pericardium subregion,,,,
,diastole_left_ventricle_004,diastole_left_ventricle_004,left_ventricle,cardiovascular,heart/left_ventricle,thorax,heart,left,004,diastole,01_Cardiovascular/Heart/Left_Ventricle,high,anatomy_hierarchy:diastole_left_ventricle_fragments,,,corrected,high,Mapped diastole_left_ventricle_004 to explicit heart-and-pericardium subregion,,,,
,dias_lv_4,dias_lv_4,left_ventricle,cardiovascular,heart/left_ventricle,thorax,heart,left,4,diastole,01_Cardiovascular/Heart/Left_Ventricle,high,anatomy_hierarchy:dias_left_ventricle_fragments,,,corrected,high,Mapped dias_lv_4 to explicit heart-and-pericardium subregion,,,,
,diastole_lpap_001,diastole_lpap_001,left_papillary_muscle_lower,cardiovascular,heart/left_ventricle,thorax,heart,left,001,diastole,01_Cardiovascular/Heart/Left_Ventricle,high,anatomy_hierarchy:diastole_left_ventricle_papillary_muscles_lower,,,corrected,high,Mapped diastole_lpap_001 to explicit heart-and-pericardium subregion,,,,
,dias_lpap1,dias_lpap1,left_papillary_muscle_lower,cardiovascular,heart/left_ventricle,thorax,heart,left,1,diastole,01_Cardiovascular/Heart/Left_Ventricle,high,anatomy_hierarchy:dias_left_ventricle_papillary_muscles_lower,,,corrected,high,Mapped dias_lpap1 to explicit heart-and-pericardium subregion,,,,
,diastole_lpap_002,diastole_lpap_002,left_papillary_muscle_lower,cardiovascular,heart/left_ventricle,thorax,heart,left,002,diastole,01_Cardiovascular/Heart/Left_Ventricle,high,anatomy_hierarchy:diastole_left_ventricle_papillary_muscles_lower,,,corrected,high,Mapped diastole_lpap_002 to explicit heart-and-pericardium subregion,,,,
,dias_lpap2,dias_lpap2,left_papillary_muscle_lower,cardiovascular,heart/left_ventricle,thorax,heart,left,2,diastole,01_Cardiovascular/Heart/Left_Ventricle,high,anatomy_hierarchy:dias_left_ventricle_papillary_muscles_lower,,,corrected,high,Mapped dias_lpap2 to explicit heart-and-pericardium subregion,,,,
,diastole_upap,diastole_upap,left_papillary_muscle_upper,cardiovascular,heart/left_ventricle,thorax,heart,left,,diastole,01_Cardiovascular/Heart/Left_Ventricle,high,anatomy_hierarchy:diastole_left_ventricle_papillary_muscle_upper,,,corrected,high,Mapped diastole_upap to explicit heart-and-pericardium subregion,,,,
,dias_upap,dias_upap,left_papillary_muscle_upper,cardiovascular,heart/left_ventricle,thorax,heart,left,,diastole,01_Cardiovascular/Heart/Left_Ventricle,high,anatomy_hierarchy:dias_left_ventricle_papillary_muscle_upper,,,corrected,high,Mapped dias_upap to explicit heart-and-pericardium subregion,,,,
,diastole_pul_art,diastole_pul_art,pulmonary_artery,cardiovascular,heart/pulmonary_artery,thorax,artery,,,diastole,01_Cardiovascular/Heart/Pulmonary_Artery,high,anatomy_hierarchy:diastole_pulmonary_artery,,,corrected,high,Mapped diastole_pul_art to explicit heart-and-pericardium subregion,,,,
,dias_pul_art,dias_pul_art,pulmonary_artery,cardiovascular,heart/pulmonary_artery,thorax,artery,,,diastole,01_Cardiovascular/Heart/Pulmonary_Artery,high,anatomy_hierarchy:dias_pulmonary_artery,,,corrected,high,Mapped dias_pul_art to explicit heart-and-pericardium subregion,,,,
,diastole_ram,diastole_ram,right_atrium_myocardium,cardiovascular,heart/right_atrium,thorax,heart,right,,diastole,01_Cardiovascular/Heart/Right_Atrium,high,anatomy_hierarchy:diastole_right_atrium_myocardium,,,corrected,high,Mapped diastole_ram to explicit heart-and-pericardium subregion,,,,
,dias_ram,dias_ram,right_atrium_myocardium,cardiovascular,heart/right_atrium,thorax,heart,right,,diastole,01_Cardiovascular/Heart/Right_Atrium,high,anatomy_hierarchy:dias_right_atrium_myocardium,,,corrected,high,Mapped dias_ram to explicit heart-and-pericardium subregion,,,,
,dias_la,dias_la,left_atrium,cardiovascular,heart/left_atrium,thorax,heart,left,,diastole,01_Cardiovascular/Heart/Left_Atrium,high,anatomy_hierarchy:dias_left_atrium,,,corrected,high,Mapped dias_la to explicit heart-and-pericardium subregion,,,,
,dias_ra,dias_ra,right_atrium,cardiovascular,heart/right_atrium,thorax,heart,right,,diastole,01_Cardiovascular/Heart/Right_Atrium,high,anatomy_hierarchy:dias_right_atrium,,,corrected,high,Mapped dias_ra to explicit heart-and-pericardium subregion,,,,
,dias_rv,dias_rv,right_ventricle,cardiovascular,heart/right_ventricle,thorax,heart,right,,diastole,01_Cardiovascular/Heart/Right_Ventricle,high,anatomy_hierarchy:dias_right_ventricle,,,corrected,high,Mapped dias_rv to explicit heart-and-pericardium subregion,,,,
,diastole_rvm,diastole_rvm,right_ventricle_myocardium,cardiovascular,heart/right_ventricle,thorax,heart,right,,diastole,01_Cardiovascular/Heart/Right_Ventricle,high,anatomy_hierarchy:diastole_right_ventricle_myocardium,,,corrected,high,Mapped diastole_rvm to explicit heart-and-pericardium subregion,,,,
,dias_rvm,dias_rvm,right_ventricle_myocardium,cardiovascular,heart/right_ventricle,thorax,heart,right,,diastole,01_Cardiovascular/Heart/Right_Ventricle,high,anatomy_hierarchy:dias_right_ventricle_myocardium,,,corrected,high,Mapped dias_rvm to explicit heart-and-pericardium subregion,,,,
,unknown_structure_xyz,unknown_structure_xyz,unknown_structure_xyz,unclassified,unclassified,unspecified,other,unspecified,,static,99_Unclassified,unclassified,unclassified,,needs_review,,Captured unclassified label from an anatomy atlas run; fill the classification columns and set review_action=corrected to activate.,tests/fixtures/anatomy_smoke.raw,2,,
